image,humans,cars
0000006_00159_d_0000001.jpg,3,18
0000006_00611_d_0000002.jpg,6,25
0000006_01111_d_0000003.jpg,3,12
0000006_01275_d_0000004.jpg,1,12
0000006_01659_d_0000004.jpg,0,6
0000006_02138_d_0000006.jpg,0,3
0000006_02616_d_0000007.jpg,1,0
0000006_03636_d_0000009.jpg,0,0
0000006_04050_d_0000010.jpg,0,0
0000006_04309_d_0000011.jpg,0,2
0000006_05168_d_0000013.jpg,1,11
0000006_05208_d_0000014.jpg,0,0
0000006_05575_d_0000016.jpg,0,0
0000006_05999_d_0000017.jpg,0,7
0000006_06773_d_0000018.jpg,0,1
0000006_07596_d_0000020.jpg,0,4
0000011_00234_d_0000001.jpg,39,0
0000011_01350_d_0000003.jpg,15,0
0000011_01955_d_0000004.jpg,44,2
0000011_02800_d_0000005.jpg,25,1
0000011_04202_d_0000007.jpg,16,0
0000011_05068_d_0000008.jpg,38,0
0000011_06000_d_0000009.jpg,25,1
0000011_06595_d_0000010.jpg,15,0
0000011_07307_d_0000011.jpg,34,0
0000011_08299_d_0000012.jpg,7,0
0000054_00786_d_0000001.jpg,73,1
0000063_00500_d_0000001.jpg,181,0
0000063_02235_d_0000003.jpg,79,0
0000063_03139_d_0000004.jpg,39,0
0000063_04000_d_0000005.jpg,56,0
0000063_05000_d_0000006.jpg,45,0
0000063_06000_d_0000007.jpg,34,0
0000063_07000_d_0000008.jpg,111,0
0000063_08000_d_0000009.jpg,114,0
0000063_08995_d_0000010.jpg,78,0
0000063_10000_d_0000011.jpg,102,2
0000063_11000_d_0000012.jpg,109,1
0000063_11817_d_0000013.jpg,84,0
0000063_12500_d_0000014.jpg,159,0
0000066_01097_d_0000002.jpg,293,0
0000073_00377_d_0000001.jpg,58,0
0000073_01275_d_0000002.jpg,95,0
0000073_03155_d_0000004.jpg,87,0
0000073_04009_d_0000005.jpg,87,1
0000073_05010_d_0000006.jpg,77,0
0000073_05999_d_0000007.jpg,58,0
0000074_01218_d_0000002.jpg,86,0
0000074_02723_d_0000005.jpg,77,0
0000074_03738_d_0000007.jpg,60,1
0000074_05715_d_0000011.jpg,66,2
0000074_06746_d_0000013.jpg,49,2
0000074_07297_d_0000014.jpg,86,4
0000074_07850_d_0000015.jpg,86,1
0000074_08202_d_0000016.jpg,100,1
0000074_08777_d_0000017.jpg,28,0
0000074_09738_d_0000019.jpg,92,1
0000074_10218_d_0000020.jpg,57,5
0000074_10730_d_0000021.jpg,70,3
0000074_11362_d_0000022.jpg,88,0
0000074_11827_d_0000023.jpg,81,1
0000074_12322_d_0000024.jpg,89,0
0000074_13313_d_0000026.jpg,111,0
0000074_13875_d_0000027.jpg,61,6
0000074_14850_d_0000029.jpg,90,0
0000074_15298_d_0000030.jpg,62,0
0000074_15793_d_0000031.jpg,65,0
0000074_16210_d_0000032.jpg,66,0
0000078_00490_d_0000002.jpg,1,6
0000078_01314_d_0000004.jpg,0,0
0000078_01938_d_0000006.jpg,2,2
0000078_02363_d_0000007.jpg,0,1
0000078_02778_d_0000008.jpg,13,4
0000078_03171_d_0000009.jpg,20,1
0000078_03315_d_0000010.jpg,10,0
0000078_03810_d_0000011.jpg,6,0
0000078_04210_d_0000012.jpg,1,0
0000078_04546_d_0000013.jpg,1,0
0000078_05467_d_0000015.jpg,0,0
0000078_05939_d_0000016.jpg,1,0
0000078_06363_d_0000017.jpg,3,0
0000078_06506_d_0000018.jpg,0,0
0000078_06586_d_0000019.jpg,5,0
0000078_06777_d_0000020.jpg,0,0
0000078_07266_d_0000021.jpg,6,0
0000078_07819_d_0000023.jpg,5,0
0000083_00803_d_0000003.jpg,37,0
0000087_00009_d_0000001.jpg,77,0
0000087_00299_d_0000002.jpg,110,0
0000087_00700_d_0000003.jpg,121,0
0000087_01140_d_0000004.jpg,108,0
0000087_01580_d_0000005.jpg,60,0
0000105_01556_d_0000069.jpg,12,16
0000105_01748_d_0000070.jpg,10,25
0000105_02201_d_0000071.jpg,2,9
0000105_02539_d_0000072.jpg,5,40
0000105_02747_d_0000073.jpg,5,15
0000105_02931_d_0000074.jpg,9,14
0000118_02327_d_0000076.jpg,7,52
0000118_02632_d_0000077.jpg,22,31
0000120_00559_d_0000092.jpg,40,22
0000120_01392_d_0000094.jpg,12,29
0000120_01535_d_0000095.jpg,3,4
0000120_02001_d_0000096.jpg,40,26
0000120_02946_d_0000098.jpg,29,11
0000120_03922_d_0000100.jpg,26,9
0000120_04920_d_0000102.jpg,50,20
0000120_05373_d_0000103.jpg,25,11
0000120_06848_d_0000106.jpg,14,25
0000120_07578_d_0000108.jpg,7,31
0000127_00002_d_0000119.jpg,27,62
0000127_00265_d_0000120.jpg,30,78
0000127_01002_d_0000123.jpg,28,53
0000152_00100_d_0000145.jpg,2,5
0000152_00599_d_0000146.jpg,3,4
0000152_02214_d_0000150.jpg,6,5
0000152_03226_d_0000153.jpg,9,4
0000161_01584_d_0000158.jpg,33,15
0000164_00078_d_0000159.jpg,7,16
0000164_01068_d_0000162.jpg,6,12
0000164_01302_d_0000163.jpg,0,10
0000164_01840_d_0000165.jpg,3,21
0000183_00031_d_0000176.jpg,21,9
0000183_00216_d_0000177.jpg,10,20
0000184_00512_d_0000182.jpg,17,21
0000186_00901_d_0000187.jpg,8,15
0000186_01387_d_0000188.jpg,8,19
0000187_00024_d_0000189.jpg,3,28
0000187_00444_d_0000190.jpg,4,17
0000187_00666_d_0000191.jpg,6,13
0000189_00297_d_0000198.jpg,8,24
0000190_00023_d_0000201.jpg,11,18
0000190_00172_d_0000202.jpg,12,19
0000192_00522_d_0000213.jpg,5,15
0000207_00000_d_0000001.jpg,7,20
0000207_00100_d_0000002.jpg,3,20
0000207_00300_d_0000004.jpg,4,14
0000207_00500_d_0000006.jpg,4,30
0000207_00600_d_0000007.jpg,4,35
0000207_00700_d_0000008.jpg,0,47
0000250_02350_d_0000001.jpg,2,21
0000259_00000_d_0000001.jpg,5,19
0000259_00500_d_0000002.jpg,10,16
0000259_01000_d_0000003.jpg,17,15
0000259_02000_d_0000005.jpg,11,35
0000259_02500_d_0000006.jpg,8,21
0000259_03000_d_0000007.jpg,10,17
0000259_03500_d_0000008.jpg,10,21
0000265_00500_d_0000002.jpg,6,18
0000265_01500_d_0000004.jpg,21,26
0000265_02000_d_0000005.jpg,13,24
0000265_03000_d_0000007.jpg,33,60
0000265_03500_d_0000008.jpg,17,48
0000265_04000_d_0000009.jpg,33,47
0000265_04500_d_0000010.jpg,36,59
0000265_05000_d_0000011.jpg,23,33
0000272_00000_d_0000001.jpg,10,21
0000272_01000_d_0000003.jpg,1,68
0000272_01500_d_0000004.jpg,12,65
0000272_02000_d_0000005.jpg,4,56
0000272_02500_d_0000006.jpg,21,50
0000272_03500_d_0000008.jpg,12,27
0000272_04000_d_0000009.jpg,8,21
0000272_04500_d_0000010.jpg,16,13
0000272_05000_d_0000011.jpg,12,11
0000272_05500_d_0000012.jpg,7,14
0000278_02251_d_0000001.jpg,4,61
0000278_02351_d_0000002.jpg,5,66
0000278_02451_d_0000003.jpg,5,58
0000278_02951_d_0000008.jpg,6,101
0000282_00000_d_0000001.jpg,0,3
0000282_04000_d_0000009.jpg,0,3
0000294_00000_d_0000053.jpg,20,23
0000298_00000_d_0000070.jpg,16,37
0000299_00000_d_0000088.jpg,16,33
0000299_01200_d_0000096.jpg,8,14
0000299_01650_d_0000099.jpg,3,15
0000299_01800_d_0000100.jpg,4,20
0000299_02500_d_0000102.jpg,1,6
0000299_03500_d_0000104.jpg,2,8
0000299_04000_d_0000105.jpg,6,17
0000299_04500_d_0000106.jpg,2,19
0000299_05000_d_0000107.jpg,16,41
0000299_05500_d_0000108.jpg,16,35
0000302_03866_d_0000117.jpg,11,37
0000310_02500_d_0000123.jpg,15,22
0000310_03000_d_0000124.jpg,11,8
0000310_03500_d_0000125.jpg,6,3
0000310_04000_d_0000126.jpg,24,22
0000310_05822_d_0000130.jpg,22,25
0000314_00000_d_0000142.jpg,10,18
0000314_00500_d_0000143.jpg,19,8
0000314_01000_d_0000144.jpg,12,8
0000314_01500_d_0000145.jpg,9,9
0000314_01908_d_0000146.jpg,12,13
0000320_00150_d_0000003.jpg,26,21
0000320_00300_d_0000004.jpg,27,22
0000320_00450_d_0000005.jpg,7,21
0000320_00600_d_0000006.jpg,9,21
0000320_00750_d_0000007.jpg,14,23
0000320_00900_d_0000008.jpg,22,19
0000320_01050_d_0000009.jpg,31,28
0000320_01200_d_0000010.jpg,30,21
0000320_03950_d_0000011.jpg,58,12
0000320_04050_d_0000012.jpg,45,21
0000320_04200_d_0000013.jpg,17,20
0000320_04375_d_0000014.jpg,9,23
0000321_00000_d_0000015.jpg,16,91
0000321_00268_d_0000016.jpg,6,36
0000328_00150_d_0000019.jpg,6,23
0000328_00300_d_0000020.jpg,6,30
0000328_00600_d_0000022.jpg,14,28
0000328_01050_d_0000025.jpg,8,25
0000337_00500_d_0000037.jpg,8,27
0000337_01000_d_0000038.jpg,11,37
0000337_01500_d_0000039.jpg,14,36
0000337_02000_d_0000040.jpg,12,20
0000337_02500_d_0000041.jpg,8,22
0000337_03000_d_0000042.jpg,6,16
0000337_03500_d_0000043.jpg,5,12
0000337_04000_d_0000044.jpg,2,13
0000337_04362_d_0000045.jpg,2,13
0000347_00000_d_0000046.jpg,9,37
0000347_00100_d_0000047.jpg,12,28
0000347_00511_d_0000048.jpg,7,40
0000347_00800_d_0000049.jpg,11,45
0000347_01250_d_0000050.jpg,4,31
0000347_01728_d_0000051.jpg,9,31
0000347_02000_d_0000052.jpg,5,30
0000353_00000_d_0000188.jpg,13,16
0000353_00500_d_0000189.jpg,11,27
0000353_01000_d_0000190.jpg,22,22
0000353_01500_d_0000191.jpg,19,18
0000353_02000_d_0000192.jpg,21,16
0000353_02500_d_0000193.jpg,12,26
0000353_03500_d_0000195.jpg,8,30
0000353_04500_d_0000197.jpg,8,47
0000353_05000_d_0000198.jpg,4,26
0000353_05500_d_0000199.jpg,2,16
0000353_06000_d_0000200.jpg,3,21
0000355_00000_d_0000206.jpg,0,5
0000355_01000_d_0000208.jpg,3,13
0000355_02500_d_0000211.jpg,2,4
0000365_00000_d_0000223.jpg,15,8
0000365_00500_d_0000224.jpg,14,1
0000365_01000_d_0000225.jpg,5,5
0000365_01500_d_0000226.jpg,8,4
0000369_00500_d_0000242.jpg,0,2
0000369_02000_d_0000245.jpg,0,4
0000370_00000_d_0000250.jpg,0,1
0000370_02000_d_0000254.jpg,0,1
0000370_03000_d_0000256.jpg,0,0
9999938_00000_d_0000001.jpg,12,4
9999938_00000_d_0000002.jpg,17,5
9999938_00000_d_0000003.jpg,3,4
9999938_00000_d_0000004.jpg,1,12
9999938_00000_d_0000005.jpg,2,7
9999938_00000_d_0000006.jpg,9,2
9999938_00000_d_0000007.jpg,5,19
9999938_00000_d_0000008.jpg,4,10
9999938_00000_d_0000009.jpg,0,15
9999938_00000_d_0000010.jpg,0,12
9999938_00000_d_0000011.jpg,0,38
9999938_00000_d_0000012.jpg,0,31
9999938_00000_d_0000013.jpg,0,16
9999938_00000_d_0000014.jpg,0,16
9999938_00000_d_0000015.jpg,0,24
9999938_00000_d_0000016.jpg,3,26
9999938_00000_d_0000017.jpg,1,14
9999938_00000_d_0000018.jpg,0,40
9999938_00000_d_0000019.jpg,0,53
9999938_00000_d_0000020.jpg,0,46
9999938_00000_d_0000021.jpg,0,17
9999938_00000_d_0000022.jpg,0,15
9999938_00000_d_0000023.jpg,0,17
9999938_00000_d_0000024.jpg,0,14
9999938_00000_d_0000025.jpg,0,18
9999938_00000_d_0000026.jpg,10,17
9999938_00000_d_0000027.jpg,14,14
9999938_00000_d_0000028.jpg,9,13
9999938_00000_d_0000029.jpg,1,16
9999938_00000_d_0000030.jpg,0,12
9999938_00000_d_0000031.jpg,0,23
9999938_00000_d_0000032.jpg,15,11
9999938_00000_d_0000033.jpg,3,13
9999938_00000_d_0000034.jpg,2,13
9999938_00000_d_0000035.jpg,2,11
9999938_00000_d_0000036.jpg,1,6
9999938_00000_d_0000037.jpg,10,7
9999938_00000_d_0000038.jpg,4,4
9999938_00000_d_0000039.jpg,5,6
9999938_00000_d_0000040.jpg,5,5
9999938_00000_d_0000041.jpg,0,11
9999938_00000_d_0000042.jpg,5,7
9999938_00000_d_0000043.jpg,2,11
9999938_00000_d_0000044.jpg,2,11
9999938_00000_d_0000045.jpg,3,17
9999938_00000_d_0000046.jpg,9,6
9999938_00000_d_0000047.jpg,1,15
9999938_00000_d_0000048.jpg,5,6
9999938_00000_d_0000049.jpg,3,9
9999938_00000_d_0000050.jpg,3,8
9999938_00000_d_0000051.jpg,1,10
9999938_00000_d_0000052.jpg,0,14
9999938_00000_d_0000053.jpg,2,18
9999938_00000_d_0000054.jpg,0,12
9999938_00000_d_0000055.jpg,1,15
9999938_00000_d_0000056.jpg,2,13
9999938_00000_d_0000057.jpg,9,18
9999938_00000_d_0000058.jpg,0,15
9999938_00000_d_0000059.jpg,2,5
9999938_00000_d_0000060.jpg,11,4
9999938_00000_d_0000061.jpg,2,5
9999938_00000_d_0000062.jpg,5,6
9999938_00000_d_0000063.jpg,2,4
9999938_00000_d_0000064.jpg,3,6
9999938_00000_d_0000065.jpg,8,6
9999938_00000_d_0000066.jpg,7,11
9999938_00000_d_0000067.jpg,17,10
9999938_00000_d_0000068.jpg,28,8
9999938_00000_d_0000069.jpg,7,1
9999938_00000_d_0000070.jpg,7,7
9999938_00000_d_0000071.jpg,29,4
9999938_00000_d_0000072.jpg,23,7
9999938_00000_d_0000073.jpg,21,11
9999938_00000_d_0000074.jpg,34,5
9999938_00000_d_0000075.jpg,20,8
9999938_00000_d_0000076.jpg,9,2
9999938_00000_d_0000077.jpg,15,13
9999938_00000_d_0000078.jpg,19,1
9999938_00000_d_0000079.jpg,7,6
9999938_00000_d_0000080.jpg,15,8
9999938_00000_d_0000081.jpg,13,4
9999938_00000_d_0000082.jpg,23,4
9999938_00000_d_0000083.jpg,24,6
9999938_00000_d_0000084.jpg,22,4
9999938_00000_d_0000085.jpg,24,3
9999938_00000_d_0000086.jpg,28,4
9999938_00000_d_0000087.jpg,28,5
9999938_00000_d_0000088.jpg,29,9
9999938_00000_d_0000089.jpg,27,5
9999938_00000_d_0000090.jpg,11,3
9999938_00000_d_0000091.jpg,1,5
9999938_00000_d_0000092.jpg,0,5
9999938_00000_d_0000093.jpg,4,7
9999938_00000_d_0000094.jpg,0,11
9999938_00000_d_0000095.jpg,5,10
9999938_00000_d_0000096.jpg,6,10
9999938_00000_d_0000097.jpg,11,9
9999938_00000_d_0000098.jpg,20,2
9999938_00000_d_0000099.jpg,20,6
9999938_00000_d_0000100.jpg,25,9
9999938_00000_d_0000101.jpg,19,10
9999938_00000_d_0000102.jpg,11,2
9999938_00000_d_0000103.jpg,4,2
9999938_00000_d_0000104.jpg,51,3
9999938_00000_d_0000105.jpg,46,5
9999938_00000_d_0000106.jpg,72,3
9999938_00000_d_0000107.jpg,62,0
9999938_00000_d_0000108.jpg,49,0
9999938_00000_d_0000109.jpg,51,2
9999938_00000_d_0000110.jpg,29,1
9999938_00000_d_0000111.jpg,27,5
9999938_00000_d_0000112.jpg,25,8
9999938_00000_d_0000113.jpg,5,10
9999938_00000_d_0000114.jpg,5,7
9999938_00000_d_0000115.jpg,7,9
9999938_00000_d_0000116.jpg,31,0
9999938_00000_d_0000117.jpg,27,0
9999938_00000_d_0000118.jpg,16,0
9999938_00000_d_0000119.jpg,24,3
9999938_00000_d_0000120.jpg,12,6
9999938_00000_d_0000121.jpg,88,0
9999938_00000_d_0000122.jpg,35,5
9999938_00000_d_0000123.jpg,38,4
9999938_00000_d_0000124.jpg,6,2
9999938_00000_d_0000125.jpg,12,6
9999938_00000_d_0000126.jpg,21,1
9999938_00000_d_0000127.jpg,90,0
9999938_00000_d_0000128.jpg,82,0
9999938_00000_d_0000129.jpg,19,9
9999938_00000_d_0000130.jpg,29,11
9999938_00000_d_0000131.jpg,16,10
9999938_00000_d_0000132.jpg,16,11
9999938_00000_d_0000133.jpg,3,10
9999938_00000_d_0000134.jpg,3,8
9999938_00000_d_0000135.jpg,5,10
9999938_00000_d_0000136.jpg,13,4
9999938_00000_d_0000137.jpg,1,5
9999938_00000_d_0000138.jpg,5,18
9999938_00000_d_0000139.jpg,14,6
9999938_00000_d_0000140.jpg,11,7
9999938_00000_d_0000141.jpg,13,5
9999938_00000_d_0000142.jpg,10,12
9999938_00000_d_0000143.jpg,19,4
9999938_00000_d_0000144.jpg,4,19
9999938_00000_d_0000145.jpg,3,24
9999938_00000_d_0000146.jpg,0,7
9999938_00000_d_0000147.jpg,2,5
9999938_00000_d_0000148.jpg,0,0
9999938_00000_d_0000149.jpg,0,4
9999938_00000_d_0000150.jpg,6,2
9999938_00000_d_0000151.jpg,1,9
9999938_00000_d_0000152.jpg,6,14
9999938_00000_d_0000153.jpg,7,6
9999938_00000_d_0000154.jpg,11,8
9999938_00000_d_0000155.jpg,2,18
9999938_00000_d_0000156.jpg,8,10
9999938_00000_d_0000157.jpg,5,8
9999938_00000_d_0000158.jpg,2,3
9999938_00000_d_0000159.jpg,4,8
9999938_00000_d_0000160.jpg,11,16
9999938_00000_d_0000161.jpg,11,7
9999938_00000_d_0000162.jpg,5,15
9999938_00000_d_0000163.jpg,8,9
9999938_00000_d_0000164.jpg,6,25
9999938_00000_d_0000165.jpg,3,6
9999938_00000_d_0000166.jpg,4,23
9999938_00000_d_0000167.jpg,10,3
9999938_00000_d_0000168.jpg,7,5
9999938_00000_d_0000169.jpg,22,8
9999938_00000_d_0000170.jpg,13,15
9999938_00000_d_0000171.jpg,15,11
9999938_00000_d_0000172.jpg,24,29
9999938_00000_d_0000173.jpg,7,17
9999938_00000_d_0000174.jpg,2,36
9999938_00000_d_0000175.jpg,1,25
9999938_00000_d_0000176.jpg,5,32
9999938_00000_d_0000177.jpg,1,56
9999938_00000_d_0000178.jpg,0,55
9999938_00000_d_0000179.jpg,0,72
9999938_00000_d_0000180.jpg,0,52
9999938_00000_d_0000181.jpg,2,34
9999938_00000_d_0000182.jpg,5,31
9999938_00000_d_0000183.jpg,3,34
9999938_00000_d_0000184.jpg,7,23
9999938_00000_d_0000185.jpg,1,30
9999938_00000_d_0000186.jpg,8,17
9999938_00000_d_0000187.jpg,2,23
9999938_00000_d_0000188.jpg,0,49
9999938_00000_d_0000189.jpg,0,36
9999938_00000_d_0000190.jpg,2,23
9999938_00000_d_0000191.jpg,0,28
9999938_00000_d_0000192.jpg,0,39
9999938_00000_d_0000193.jpg,1,38
9999938_00000_d_0000194.jpg,0,19
9999938_00000_d_0000195.jpg,0,26
9999938_00000_d_0000196.jpg,0,21
9999938_00000_d_0000197.jpg,0,30
9999938_00000_d_0000198.jpg,3,24
9999938_00000_d_0000199.jpg,1,16
9999938_00000_d_0000200.jpg,0,36
9999938_00000_d_0000201.jpg,6,12
9999938_00000_d_0000202.jpg,6,4
9999938_00000_d_0000203.jpg,1,31
9999938_00000_d_0000204.jpg,2,17
9999938_00000_d_0000205.jpg,33,22
9999938_00000_d_0000206.jpg,6,17
9999938_00000_d_0000207.jpg,39,13
9999938_00000_d_0000208.jpg,53,23
9999938_00000_d_0000209.jpg,56,10
9999938_00000_d_0000210.jpg,61,28
9999938_00000_d_0000211.jpg,12,23
9999938_00000_d_0000212.jpg,59,35
9999938_00000_d_0000213.jpg,67,14
9999938_00000_d_0000214.jpg,16,25
9999938_00000_d_0000215.jpg,6,33
9999938_00000_d_0000216.jpg,60,37
9999938_00000_d_0000217.jpg,87,18
9999938_00000_d_0000218.jpg,21,33
9999938_00000_d_0000219.jpg,1,37
9999938_00000_d_0000220.jpg,34,3
9999938_00000_d_0000221.jpg,0,8
9999938_00000_d_0000222.jpg,0,19
9999938_00000_d_0000223.jpg,0,15
9999938_00000_d_0000224.jpg,0,18
9999938_00000_d_0000225.jpg,0,14
9999938_00000_d_0000226.jpg,0,21
9999938_00000_d_0000227.jpg,0,40
9999938_00000_d_0000228.jpg,0,53
9999938_00000_d_0000229.jpg,2,19
9999938_00000_d_0000230.jpg,1,34
9999938_00000_d_0000231.jpg,0,52
9999938_00000_d_0000232.jpg,0,60
9999938_00000_d_0000233.jpg,0,40
9999938_00000_d_0000234.jpg,0,55
9999938_00000_d_0000235.jpg,0,40
9999938_00000_d_0000236.jpg,0,42
9999938_00000_d_0000237.jpg,0,30
9999938_00000_d_0000238.jpg,0,16
9999938_00000_d_0000239.jpg,0,31
9999938_00000_d_0000240.jpg,0,22
9999938_00000_d_0000241.jpg,0,8
9999938_00000_d_0000242.jpg,0,21
9999938_00000_d_0000243.jpg,2,20
9999938_00000_d_0000244.jpg,1,28
9999938_00000_d_0000245.jpg,0,33
9999938_00000_d_0000246.jpg,0,16
9999938_00000_d_0000247.jpg,0,1
9999938_00000_d_0000248.jpg,0,25
9999938_00000_d_0000249.jpg,0,21
9999938_00000_d_0000250.jpg,1,18
9999938_00000_d_0000251.jpg,0,18
9999938_00000_d_0000252.jpg,1,15
9999938_00000_d_0000253.jpg,7,11
9999938_00000_d_0000254.jpg,111,0
9999938_00000_d_0000255.jpg,28,4
9999938_00000_d_0000256.jpg,40,7
9999938_00000_d_0000257.jpg,9,17
9999938_00000_d_0000258.jpg,12,20
9999938_00000_d_0000259.jpg,1,25
9999938_00000_d_0000260.jpg,3,17
9999938_00000_d_0000261.jpg,1,10
9999938_00000_d_0000262.jpg,12,10
9999938_00000_d_0000263.jpg,8,9
9999938_00000_d_0000264.jpg,7,10
9999938_00000_d_0000265.jpg,12,18
9999938_00000_d_0000266.jpg,5,18
9999938_00000_d_0000267.jpg,0,12
9999938_00000_d_0000268.jpg,0,19
9999938_00000_d_0000269.jpg,0,15
9999938_00000_d_0000270.jpg,0,15
9999938_00000_d_0000271.jpg,0,28
9999938_00000_d_0000272.jpg,0,17
9999938_00000_d_0000273.jpg,0,26
9999938_00000_d_0000274.jpg,1,26
9999938_00000_d_0000275.jpg,0,15
9999938_00000_d_0000276.jpg,0,21
9999938_00000_d_0000277.jpg,0,25
9999938_00000_d_0000278.jpg,0,25
9999938_00000_d_0000279.jpg,0,21
9999938_00000_d_0000280.jpg,0,21
9999938_00000_d_0000281.jpg,0,33
9999938_00000_d_0000282.jpg,0,33
9999938_00000_d_0000283.jpg,1,24
9999938_00000_d_0000284.jpg,0,18
9999938_00000_d_0000285.jpg,0,25
9999938_00000_d_0000286.jpg,0,12
9999938_00000_d_0000287.jpg,0,27
9999938_00000_d_0000288.jpg,0,36
9999938_00000_d_0000289.jpg,0,38
9999938_00000_d_0000290.jpg,0,39
9999938_00000_d_0000291.jpg,0,12
9999938_00000_d_0000292.jpg,0,13
9999938_00000_d_0000293.jpg,0,18
9999938_00000_d_0000294.jpg,0,13
9999938_00000_d_0000295.jpg,1,12
9999938_00000_d_0000296.jpg,0,13
9999938_00000_d_0000297.jpg,1,4
9999938_00000_d_0000298.jpg,0,19
9999938_00000_d_0000299.jpg,6,22
9999938_00000_d_0000300.jpg,0,28
9999938_00000_d_0000301.jpg,12,14
9999938_00000_d_0000302.jpg,0,11
9999938_00000_d_0000303.jpg,1,5
9999938_00000_d_0000304.jpg,10,9
9999938_00000_d_0000305.jpg,2,9
9999938_00000_d_0000306.jpg,0,7
9999938_00000_d_0000307.jpg,0,6
9999938_00000_d_0000308.jpg,5,8
9999938_00000_d_0000309.jpg,0,5
9999938_00000_d_0000310.jpg,1,19
9999938_00000_d_0000311.jpg,7,30
9999938_00000_d_0000312.jpg,5,12
9999938_00000_d_0000313.jpg,6,22
9999938_00000_d_0000314.jpg,7,7
9999938_00000_d_0000315.jpg,2,8
9999938_00000_d_0000316.jpg,0,13
9999938_00000_d_0000317.jpg,2,9
9999938_00000_d_0000318.jpg,1,6
9999938_00000_d_0000319.jpg,1,10
9999938_00000_d_0000320.jpg,0,5
9999938_00000_d_0000321.jpg,3,7
9999938_00000_d_0000322.jpg,1,8
9999938_00000_d_0000323.jpg,13,14
9999938_00000_d_0000324.jpg,12,24
9999938_00000_d_0000325.jpg,13,21
9999938_00000_d_0000326.jpg,9,27
9999938_00000_d_0000327.jpg,21,17
9999938_00000_d_0000328.jpg,12,10
9999938_00000_d_0000329.jpg,2,5
9999938_00000_d_0000330.jpg,2,15
9999938_00000_d_0000331.jpg,0,8
9999938_00000_d_0000332.jpg,15,15
9999938_00000_d_0000333.jpg,0,8
9999938_00000_d_0000334.jpg,0,17
9999938_00000_d_0000335.jpg,0,17
9999938_00000_d_0000336.jpg,3,12
9999938_00000_d_0000337.jpg,4,29
9999938_00000_d_0000338.jpg,1,11
9999938_00000_d_0000339.jpg,5,8
9999938_00000_d_0000340.jpg,1,9
9999938_00000_d_0000341.jpg,5,14
9999938_00000_d_0000342.jpg,4,15
9999938_00000_d_0000343.jpg,4,7
9999938_00000_d_0000344.jpg,2,13
9999938_00000_d_0000345.jpg,0,19
9999938_00000_d_0000346.jpg,5,12
9999938_00000_d_0000347.jpg,8,4
9999938_00000_d_0000348.jpg,7,12
9999938_00000_d_0000349.jpg,0,16
9999938_00000_d_0000350.jpg,0,29
9999938_00000_d_0000351.jpg,0,16
9999938_00000_d_0000352.jpg,0,30
9999938_00000_d_0000353.jpg,0,22
9999938_00000_d_0000354.jpg,0,19
9999938_00000_d_0000355.jpg,1,30
9999938_00000_d_0000356.jpg,0,18
9999938_00000_d_0000357.jpg,0,24
9999938_00000_d_0000358.jpg,0,32
9999938_00000_d_0000359.jpg,0,11
9999938_00000_d_0000360.jpg,0,18
9999938_00000_d_0000361.jpg,0,13
9999938_00000_d_0000362.jpg,0,18
9999938_00000_d_0000363.jpg,0,23
9999938_00000_d_0000364.jpg,0,11
9999938_00000_d_0000365.jpg,0,10
9999938_00000_d_0000366.jpg,0,4
9999938_00000_d_0000367.jpg,0,7
9999938_00000_d_0000368.jpg,2,16
9999938_00000_d_0000369.jpg,0,23
9999938_00000_d_0000370.jpg,0,19
9999938_00000_d_0000371.jpg,0,29
9999938_00000_d_0000372.jpg,0,27
9999938_00000_d_0000373.jpg,0,58
9999938_00000_d_0000374.jpg,0,44
9999938_00000_d_0000375.jpg,0,39
9999938_00000_d_0000376.jpg,0,51
9999938_00000_d_0000377.jpg,0,39
9999938_00000_d_0000378.jpg,0,29
9999938_00000_d_0000379.jpg,0,44
9999938_00000_d_0000380.jpg,0,39
9999938_00000_d_0000381.jpg,0,31
9999938_00000_d_0000382.jpg,0,37
9999938_00000_d_0000383.jpg,0,32
9999938_00000_d_0000384.jpg,0,28
9999938_00000_d_0000385.jpg,0,23
9999938_00000_d_0000386.jpg,0,40
9999938_00000_d_0000387.jpg,0,29
9999938_00000_d_0000388.jpg,0,25
9999938_00000_d_0000389.jpg,0,29
9999938_00000_d_0000390.jpg,0,58
9999938_00000_d_0000391.jpg,0,45
9999938_00000_d_0000392.jpg,0,25
9999938_00000_d_0000393.jpg,0,28
9999938_00000_d_0000394.jpg,0,19
9999938_00000_d_0000395.jpg,0,46
9999938_00000_d_0000396.jpg,0,27
9999938_00000_d_0000397.jpg,0,24
9999938_00000_d_0000398.jpg,0,14
9999938_00000_d_0000399.jpg,0,6
9999938_00000_d_0000400.jpg,0,39
9999938_00000_d_0000401.jpg,0,21
9999938_00000_d_0000402.jpg,0,20
9999938_00000_d_0000403.jpg,0,10
9999938_00000_d_0000404.jpg,0,30
9999938_00000_d_0000405.jpg,0,20
9999938_00000_d_0000406.jpg,0,8
9999938_00000_d_0000407.jpg,0,37
9999938_00000_d_0000408.jpg,0,21
9999938_00000_d_0000409.jpg,0,27
9999938_00000_d_0000410.jpg,0,9
9999938_00000_d_0000411.jpg,0,14
9999938_00000_d_0000412.jpg,0,15
9999938_00000_d_0000413.jpg,0,31
9999938_00000_d_0000414.jpg,0,24
9999938_00000_d_0000415.jpg,0,14
9999938_00000_d_0000416.jpg,0,21
9999938_00000_d_0000417.jpg,0,18
9999938_00000_d_0000418.jpg,0,14
9999938_00000_d_0000419.jpg,0,17
9999938_00000_d_0000420.jpg,0,16
9999938_00000_d_0000421.jpg,0,18
9999938_00000_d_0000422.jpg,0,31
9999938_00000_d_0000423.jpg,0,28
9999938_00000_d_0000424.jpg,0,16
9999938_00000_d_0000425.jpg,0,36
9999938_00000_d_0000426.jpg,0,18
9999938_00000_d_0000427.jpg,0,46
9999938_00000_d_0000428.jpg,0,34
9999938_00000_d_0000429.jpg,0,23
9999938_00000_d_0000430.jpg,0,27
9999938_00000_d_0000431.jpg,0,29
9999938_00000_d_0000432.jpg,0,26
9999938_00000_d_0000433.jpg,0,8
9999938_00000_d_0000434.jpg,0,10
9999938_00000_d_0000435.jpg,0,19
9999938_00000_d_0000436.jpg,0,20
9999938_00000_d_0000437.jpg,0,45
9999938_00000_d_0000438.jpg,0,7
9999938_00000_d_0000439.jpg,1,10
9999938_00000_d_0000440.jpg,2,8
9999938_00000_d_0000441.jpg,1,14
9999938_00000_d_0000442.jpg,0,6
9999938_00000_d_0000443.jpg,0,15
9999938_00000_d_0000444.jpg,1,21
9999938_00000_d_0000445.jpg,0,14
9999938_00000_d_0000446.jpg,0,20
9999938_00000_d_0000447.jpg,0,30
9999938_00000_d_0000448.jpg,0,7
9999938_00000_d_0000449.jpg,0,9
9999938_00000_d_0000450.jpg,0,5
9999938_00000_d_0000451.jpg,0,10
9999938_00000_d_0000452.jpg,0,17
9999938_00000_d_0000453.jpg,0,20
9999938_00000_d_0000454.jpg,0,9
9999938_00000_d_0000455.jpg,0,14
9999938_00000_d_0000456.jpg,0,14
9999938_00000_d_0000457.jpg,0,46
9999938_00000_d_0000458.jpg,0,12
9999938_00000_d_0000459.jpg,0,21
9999938_00000_d_0000460.jpg,0,14
9999938_00000_d_0000461.jpg,0,13
9999938_00000_d_0000462.jpg,0,14
9999938_00000_d_0000463.jpg,0,13
9999938_00000_d_0000464.jpg,0,30
9999938_00000_d_0000465.jpg,0,18
9999938_00000_d_0000466.jpg,0,9
9999938_00000_d_0000467.jpg,0,12
9999938_00000_d_0000468.jpg,0,13
9999938_00000_d_0000469.jpg,1,9
9999938_00000_d_0000470.jpg,2,15
9999938_00000_d_0000471.jpg,0,25
9999938_00000_d_0000472.jpg,0,29
9999938_00000_d_0000473.jpg,2,14
9999938_00000_d_0000474.jpg,0,18
9999938_00000_d_0000475.jpg,0,27
9999938_00000_d_0000476.jpg,0,19
9999938_00000_d_0000477.jpg,0,15
9999938_00000_d_0000478.jpg,0,13
9999938_00000_d_0000479.jpg,0,19
9999938_00000_d_0000480.jpg,1,27
9999938_00000_d_0000481.jpg,1,20
9999938_00000_d_0000482.jpg,0,24
9999938_00000_d_0000483.jpg,1,13
9999938_00000_d_0000484.jpg,3,14
9999938_00000_d_0000485.jpg,0,16
9999938_00000_d_0000486.jpg,1,13
9999938_00000_d_0000487.jpg,1,18
9999938_00000_d_0000488.jpg,2,15
9999938_00000_d_0000489.jpg,0,14
9999938_00000_d_0000490.jpg,0,35
9999938_00000_d_0000491.jpg,0,22
9999938_00000_d_0000492.jpg,2,30
9999938_00000_d_0000493.jpg,0,32
9999938_00000_d_0000494.jpg,0,73
9999938_00000_d_0000495.jpg,1,14
9999938_00000_d_0000496.jpg,0,28
9999938_00000_d_0000497.jpg,0,38
9999938_00000_d_0000498.jpg,0,20
9999938_00000_d_0000499.jpg,0,19
9999938_00000_d_0000500.jpg,0,15
9999938_00000_d_0000501.jpg,0,9
9999938_00000_d_0000502.jpg,0,17
9999938_00000_d_0000503.jpg,0,10
9999938_00000_d_0000504.jpg,0,12
9999938_00000_d_0000505.jpg,0,7
9999938_00000_d_0000506.jpg,0,9
9999938_00000_d_0000507.jpg,1,11
9999938_00000_d_0000508.jpg,0,14
9999938_00000_d_0000509.jpg,0,1
9999938_00000_d_0000510.jpg,0,9
9999938_00000_d_0000511.jpg,0,6
9999938_00000_d_0000512.jpg,0,8
9999938_00000_d_0000513.jpg,1,6
9999938_00000_d_0000514.jpg,0,10
9999938_00000_d_0000515.jpg,2,7
9999938_00000_d_0000516.jpg,3,4
9999941_00000_d_0000001.jpg,1,16
9999941_00000_d_0000002.jpg,0,12
9999941_00000_d_0000003.jpg,3,12
9999941_00000_d_0000004.jpg,0,23
9999941_00000_d_0000005.jpg,0,8
9999941_00000_d_0000006.jpg,2,1
9999941_00000_d_0000007.jpg,5,13
9999941_00000_d_0000008.jpg,0,8
9999941_00000_d_0000009.jpg,1,3
9999941_00000_d_0000010.jpg,1,3
9999941_00000_d_0000011.jpg,0,11
9999941_00000_d_0000012.jpg,0,4
9999941_00000_d_0000013.jpg,1,8
9999941_00000_d_0000014.jpg,0,6
9999941_00000_d_0000015.jpg,11,3
9999941_00000_d_0000016.jpg,46,0
9999941_00000_d_0000017.jpg,5,0
9999941_00000_d_0000018.jpg,8,2
9999941_00000_d_0000019.jpg,1,16
9999941_00000_d_0000020.jpg,0,5
9999941_00000_d_0000021.jpg,0,33
9999941_00000_d_0000022.jpg,2,2
9999941_00000_d_0000023.jpg,1,34
9999941_00000_d_0000024.jpg,0,8
9999941_00000_d_0000025.jpg,5,10
9999941_00000_d_0000026.jpg,1,3
9999941_00000_d_0000027.jpg,3,4
9999941_00000_d_0000028.jpg,1,8
9999941_00000_d_0000029.jpg,1,6
9999941_00000_d_0000030.jpg,1,2
9999941_00000_d_0000031.jpg,0,0
9999941_00000_d_0000032.jpg,2,7
9999941_00000_d_0000033.jpg,1,7
9999941_00000_d_0000034.jpg,4,10
9999941_00000_d_0000035.jpg,2,24
9999944_00000_d_0000001.jpg,1,4
9999944_00000_d_0000002.jpg,0,1
9999944_00000_d_0000003.jpg,13,0
9999944_00000_d_0000004.jpg,12,0
9999947_00000_d_0000001.jpg,31,0
9999947_00000_d_0000002.jpg,36,0
9999947_00000_d_0000003.jpg,25,24
9999947_00000_d_0000004.jpg,20,6
9999947_00000_d_0000005.jpg,21,20
9999947_00000_d_0000006.jpg,17,10
9999947_00000_d_0000007.jpg,8,34
9999947_00000_d_0000008.jpg,26,23
9999947_00000_d_0000009.jpg,14,11
9999947_00000_d_0000010.jpg,18,25
9999947_00000_d_0000011.jpg,16,31
9999947_00000_d_0000012.jpg,10,20
9999947_00000_d_0000013.jpg,19,33
9999947_00000_d_0000014.jpg,4,35
9999947_00000_d_0000015.jpg,12,16
9999947_00000_d_0000016.jpg,12,42
9999947_00000_d_0000017.jpg,20,9
9999947_00000_d_0000018.jpg,20,11
9999947_00000_d_0000019.jpg,14,36
9999947_00000_d_0000020.jpg,28,31
9999947_00000_d_0000021.jpg,14,38
9999947_00000_d_0000022.jpg,16,17
9999947_00000_d_0000023.jpg,23,25
9999947_00000_d_0000024.jpg,18,25
9999947_00000_d_0000025.jpg,19,27
9999947_00000_d_0000026.jpg,29,4
9999947_00000_d_0000027.jpg,37,0
9999952_00000_d_0000001.jpg,0,12
9999952_00000_d_0000002.jpg,5,18
9999952_00000_d_0000003.jpg,1,29
9999952_00000_d_0000004.jpg,4,37
9999952_00000_d_0000005.jpg,1,9
9999952_00000_d_0000006.jpg,2,9
9999952_00000_d_0000007.jpg,0,24
9999952_00000_d_0000008.jpg,4,36
9999952_00000_d_0000009.jpg,4,16
9999952_00000_d_0000010.jpg,3,10
9999952_00000_d_0000011.jpg,5,8
9999952_00000_d_0000012.jpg,15,11
9999952_00000_d_0000013.jpg,1,27
9999952_00000_d_0000014.jpg,8,34
9999952_00000_d_0000015.jpg,11,13
9999952_00000_d_0000016.jpg,0,10
9999952_00000_d_0000017.jpg,1,7
9999952_00000_d_0000018.jpg,0,17
9999952_00000_d_0000019.jpg,0,37
9999952_00000_d_0000020.jpg,1,19
9999952_00000_d_0000021.jpg,1,22
9999952_00000_d_0000022.jpg,0,5
9999952_00000_d_0000023.jpg,0,16
9999952_00000_d_0000024.jpg,0,21
9999952_00000_d_0000025.jpg,0,19
9999952_00000_d_0000026.jpg,0,7
9999952_00000_d_0000027.jpg,2,1
9999952_00000_d_0000028.jpg,0,2
9999952_00000_d_0000029.jpg,0,9
9999952_00000_d_0000030.jpg,1,13
9999952_00000_d_0000031.jpg,0,17
9999952_00000_d_0000032.jpg,0,10
9999952_00000_d_0000033.jpg,0,7
9999952_00000_d_0000034.jpg,0,10
9999952_00000_d_0000035.jpg,0,16
9999952_00000_d_0000036.jpg,0,17
9999952_00000_d_0000037.jpg,1,3
9999952_00000_d_0000038.jpg,3,14
9999952_00000_d_0000039.jpg,0,12
9999952_00000_d_0000040.jpg,0,24
9999952_00000_d_0000041.jpg,0,22
9999952_00000_d_0000042.jpg,0,50
9999952_00000_d_0000043.jpg,1,13
9999952_00000_d_0000044.jpg,0,46
9999952_00000_d_0000045.jpg,0,36
9999952_00000_d_0000046.jpg,0,26
9999952_00000_d_0000047.jpg,2,43
9999952_00000_d_0000048.jpg,3,29
9999952_00000_d_0000049.jpg,0,12
9999952_00000_d_0000050.jpg,3,13
9999952_00000_d_0000051.jpg,2,31
9999952_00000_d_0000052.jpg,0,29
9999952_00000_d_0000053.jpg,0,7
9999952_00000_d_0000054.jpg,0,4
9999952_00000_d_0000055.jpg,0,7
9999952_00000_d_0000056.jpg,0,10
9999952_00000_d_0000057.jpg,0,5
9999952_00000_d_0000058.jpg,0,16
9999952_00000_d_0000059.jpg,0,19
9999952_00000_d_0000060.jpg,0,14
9999952_00000_d_0000061.jpg,0,14
9999952_00000_d_0000062.jpg,1,17
9999952_00000_d_0000063.jpg,0,13
9999952_00000_d_0000064.jpg,0,15
9999952_00000_d_0000065.jpg,0,8
9999952_00000_d_0000066.jpg,0,19
9999952_00000_d_0000067.jpg,0,8
9999952_00000_d_0000068.jpg,0,11
9999952_00000_d_0000069.jpg,0,11
9999952_00000_d_0000070.jpg,0,7
9999952_00000_d_0000071.jpg,1,26
9999952_00000_d_0000072.jpg,3,33
9999952_00000_d_0000073.jpg,6,26
9999952_00000_d_0000074.jpg,4,49
9999952_00000_d_0000075.jpg,0,51
9999952_00000_d_0000076.jpg,1,10
9999952_00000_d_0000077.jpg,0,10
9999952_00000_d_0000078.jpg,0,17
9999952_00000_d_0000079.jpg,0,18
9999952_00000_d_0000080.jpg,0,22
9999952_00000_d_0000081.jpg,0,29
9999952_00000_d_0000082.jpg,0,23
9999952_00000_d_0000083.jpg,0,5
9999952_00000_d_0000084.jpg,0,9
9999952_00000_d_0000085.jpg,0,12
9999952_00000_d_0000086.jpg,0,17
9999952_00000_d_0000087.jpg,0,9
9999952_00000_d_0000088.jpg,0,31
9999952_00000_d_0000089.jpg,0,25
9999952_00000_d_0000090.jpg,0,11
9999952_00000_d_0000091.jpg,0,7
9999952_00000_d_0000092.jpg,0,22
9999952_00000_d_0000093.jpg,0,16
9999952_00000_d_0000094.jpg,0,22
9999952_00000_d_0000095.jpg,0,12
9999952_00000_d_0000096.jpg,0,11
9999952_00000_d_0000097.jpg,0,13
9999952_00000_d_0000098.jpg,0,13
9999952_00000_d_0000099.jpg,1,21
9999952_00000_d_0000100.jpg,0,11
9999952_00000_d_0000101.jpg,1,28
9999952_00000_d_0000102.jpg,0,17
9999952_00000_d_0000103.jpg,4,13
9999952_00000_d_0000104.jpg,0,6
9999952_00000_d_0000105.jpg,0,16
9999952_00000_d_0000106.jpg,0,4
9999952_00000_d_0000107.jpg,3,3
9999952_00000_d_0000108.jpg,0,8
9999952_00000_d_0000109.jpg,1,8
9999952_00000_d_0000110.jpg,2,9
9999952_00000_d_0000111.jpg,1,33
9999952_00000_d_0000112.jpg,3,37
9999952_00000_d_0000113.jpg,0,21
9999952_00000_d_0000114.jpg,0,5
9999952_00000_d_0000115.jpg,0,7
9999952_00000_d_0000116.jpg,0,5
9999952_00000_d_0000117.jpg,0,7
9999952_00000_d_0000118.jpg,0,12
9999952_00000_d_0000119.jpg,0,29
9999952_00000_d_0000120.jpg,0,8
9999952_00000_d_0000121.jpg,0,14
9999952_00000_d_0000122.jpg,0,21
9999952_00000_d_0000123.jpg,1,6
9999952_00000_d_0000124.jpg,0,12
9999952_00000_d_0000125.jpg,1,5
9999952_00000_d_0000126.jpg,0,5
9999952_00000_d_0000127.jpg,2,13
9999952_00000_d_0000128.jpg,1,9
9999952_00000_d_0000129.jpg,0,7
9999952_00000_d_0000130.jpg,0,10
9999952_00000_d_0000131.jpg,0,9
9999952_00000_d_0000132.jpg,0,18
9999952_00000_d_0000133.jpg,0,68
9999952_00000_d_0000134.jpg,1,27
9999952_00000_d_0000135.jpg,0,19
9999952_00000_d_0000136.jpg,1,13
9999952_00000_d_0000137.jpg,0,6
9999952_00000_d_0000138.jpg,0,7
9999952_00000_d_0000139.jpg,1,17
9999952_00000_d_0000140.jpg,0,16
9999952_00000_d_0000141.jpg,0,38
9999952_00000_d_0000142.jpg,1,11
9999952_00000_d_0000143.jpg,1,46
9999952_00000_d_0000144.jpg,0,50
9999952_00000_d_0000145.jpg,1,52
9999952_00000_d_0000146.jpg,0,5
9999952_00000_d_0000147.jpg,1,11
9999952_00000_d_0000148.jpg,1,28
9999952_00000_d_0000149.jpg,0,48
9999952_00000_d_0000150.jpg,0,34
9999952_00000_d_0000151.jpg,0,31
9999952_00000_d_0000152.jpg,1,39
9999952_00000_d_0000153.jpg,0,48
9999952_00000_d_0000154.jpg,1,17
9999952_00000_d_0000155.jpg,0,8
9999952_00000_d_0000156.jpg,1,34
9999952_00000_d_0000157.jpg,0,43
9999952_00000_d_0000158.jpg,2,30
9999952_00000_d_0000159.jpg,3,9
9999952_00000_d_0000160.jpg,0,34
9999952_00000_d_0000161.jpg,0,18
9999952_00000_d_0000162.jpg,0,15
9999952_00000_d_0000163.jpg,1,21
9999952_00000_d_0000164.jpg,0,26
9999952_00000_d_0000165.jpg,6,9
9999952_00000_d_0000166.jpg,0,8
9999952_00000_d_0000167.jpg,0,5
9999952_00000_d_0000168.jpg,0,7
9999952_00000_d_0000169.jpg,4,12
9999952_00000_d_0000170.jpg,6,18
9999952_00000_d_0000171.jpg,0,10
9999952_00000_d_0000172.jpg,0,16
9999952_00000_d_0000173.jpg,0,10
9999952_00000_d_0000174.jpg,0,15
9999952_00000_d_0000175.jpg,0,7
9999952_00000_d_0000176.jpg,0,14
9999952_00000_d_0000177.jpg,0,7
9999952_00000_d_0000178.jpg,0,11
9999952_00000_d_0000179.jpg,0,9
9999952_00000_d_0000180.jpg,0,7
9999952_00000_d_0000181.jpg,0,7
9999952_00000_d_0000182.jpg,0,7
9999952_00000_d_0000183.jpg,0,3
9999952_00000_d_0000184.jpg,0,4
9999952_00000_d_0000185.jpg,0,2
9999952_00000_d_0000186.jpg,0,6
9999952_00000_d_0000187.jpg,2,11
9999952_00000_d_0000188.jpg,0,7
9999952_00000_d_0000189.jpg,0,7
9999952_00000_d_0000190.jpg,0,8
9999952_00000_d_0000191.jpg,0,18
9999952_00000_d_0000192.jpg,0,9
9999952_00000_d_0000193.jpg,0,24
9999952_00000_d_0000194.jpg,0,5
9999952_00000_d_0000195.jpg,0,25
9999952_00000_d_0000196.jpg,0,31
9999952_00000_d_0000197.jpg,0,22
9999952_00000_d_0000198.jpg,0,24
9999952_00000_d_0000199.jpg,0,36
9999952_00000_d_0000200.jpg,0,5
9999952_00000_d_0000201.jpg,0,21
9999952_00000_d_0000202.jpg,0,24
9999952_00000_d_0000203.jpg,0,24
9999952_00000_d_0000204.jpg,0,15
9999952_00000_d_0000205.jpg,0,34
9999952_00000_d_0000206.jpg,1,13
9999952_00000_d_0000207.jpg,0,15
9999952_00000_d_0000208.jpg,0,11
9999952_00000_d_0000209.jpg,2,9
9999952_00000_d_0000210.jpg,1,4
9999952_00000_d_0000211.jpg,0,15
9999952_00000_d_0000212.jpg,0,2
9999952_00000_d_0000213.jpg,0,20
9999952_00000_d_0000214.jpg,0,26
9999952_00000_d_0000215.jpg,0,54
9999952_00000_d_0000216.jpg,1,15
9999952_00000_d_0000217.jpg,0,36
9999952_00000_d_0000218.jpg,0,3
9999952_00000_d_0000219.jpg,3,8
9999952_00000_d_0000220.jpg,0,16
9999952_00000_d_0000221.jpg,0,57
9999952_00000_d_0000222.jpg,0,5
9999952_00000_d_0000223.jpg,0,59
9999952_00000_d_0000224.jpg,2,6
9999952_00000_d_0000225.jpg,0,9
9999952_00000_d_0000226.jpg,0,9
9999952_00000_d_0000227.jpg,0,48
9999952_00000_d_0000228.jpg,2,3
9999952_00000_d_0000229.jpg,0,23
9999952_00000_d_0000230.jpg,2,35
9999952_00000_d_0000231.jpg,0,9
9999952_00000_d_0000232.jpg,3,35
9999952_00000_d_0000233.jpg,0,53
9999952_00000_d_0000234.jpg,1,9
9999952_00000_d_0000235.jpg,1,6
9999952_00000_d_0000236.jpg,1,28
9999952_00000_d_0000237.jpg,0,7
9999952_00000_d_0000238.jpg,0,29
9999952_00000_d_0000239.jpg,0,12
9999952_00000_d_0000240.jpg,0,13
9999952_00000_d_0000241.jpg,0,31
9999952_00000_d_0000242.jpg,0,15
9999952_00000_d_0000243.jpg,3,6
9999952_00000_d_0000244.jpg,0,6
9999952_00000_d_0000245.jpg,0,39
9999952_00000_d_0000246.jpg,0,5
9999952_00000_d_0000247.jpg,0,12
9999952_00000_d_0000248.jpg,0,8
9999952_00000_d_0000249.jpg,2,3
9999952_00000_d_0000250.jpg,1,4
9999952_00000_d_0000251.jpg,0,39
9999952_00000_d_0000252.jpg,0,7
9999952_00000_d_0000253.jpg,0,12
9999952_00000_d_0000254.jpg,0,4
9999952_00000_d_0000255.jpg,0,3
9999952_00000_d_0000256.jpg,0,61
9999952_00000_d_0000257.jpg,0,0
9999952_00000_d_0000258.jpg,0,28
9999952_00000_d_0000259.jpg,0,2
9999952_00000_d_0000260.jpg,0,4
9999952_00000_d_0000261.jpg,0,3
9999952_00000_d_0000262.jpg,0,33
9999952_00000_d_0000263.jpg,0,6
9999952_00000_d_0000264.jpg,0,24
9999952_00000_d_0000265.jpg,0,9
9999952_00000_d_0000266.jpg,0,4
9999952_00000_d_0000267.jpg,0,11
9999952_00000_d_0000268.jpg,3,8
9999952_00000_d_0000269.jpg,0,17
9999952_00000_d_0000270.jpg,0,29
9999952_00000_d_0000271.jpg,1,20
9999952_00000_d_0000272.jpg,3,5
9999952_00000_d_0000273.jpg,2,47
9999952_00000_d_0000274.jpg,0,21
9999952_00000_d_0000275.jpg,0,29
9999952_00000_d_0000276.jpg,0,23
9999952_00000_d_0000277.jpg,0,15
9999952_00000_d_0000278.jpg,0,3
9999952_00000_d_0000279.jpg,0,12
9999952_00000_d_0000280.jpg,3,8
9999952_00000_d_0000281.jpg,0,10
9999952_00000_d_0000282.jpg,0,24
9999952_00000_d_0000283.jpg,0,7
9999952_00000_d_0000284.jpg,1,12
9999952_00000_d_0000285.jpg,1,14
9999952_00000_d_0000286.jpg,0,13
9999952_00000_d_0000287.jpg,1,12
9999952_00000_d_0000288.jpg,0,28
9999952_00000_d_0000289.jpg,0,33
9999952_00000_d_0000290.jpg,1,10
9999952_00000_d_0000291.jpg,2,10
9999952_00000_d_0000292.jpg,0,45
9999952_00000_d_0000293.jpg,0,58
9999952_00000_d_0000294.jpg,0,50
9999952_00000_d_0000295.jpg,0,36
9999952_00000_d_0000296.jpg,1,27
9999952_00000_d_0000297.jpg,0,50
9999952_00000_d_0000298.jpg,1,37
9999952_00000_d_0000299.jpg,2,26
9999952_00000_d_0000300.jpg,0,20
9999952_00000_d_0000301.jpg,0,34
9999952_00000_d_0000302.jpg,0,32
9999952_00000_d_0000303.jpg,0,16
9999952_00000_d_0000304.jpg,0,41
9999952_00000_d_0000305.jpg,0,11
9999952_00000_d_0000306.jpg,0,7
9999952_00000_d_0000307.jpg,0,14
9999952_00000_d_0000308.jpg,0,18
9999952_00000_d_0000309.jpg,1,21
9999952_00000_d_0000310.jpg,1,12
9999952_00000_d_0000311.jpg,1,11
9999952_00000_d_0000312.jpg,0,12
9999952_00000_d_0000313.jpg,0,12
9999952_00000_d_0000314.jpg,0,5
9999952_00000_d_0000315.jpg,1,1
9999952_00000_d_0000316.jpg,1,10
9999952_00000_d_0000317.jpg,1,14
9999952_00000_d_0000318.jpg,3,13
9999952_00000_d_0000319.jpg,0,8
9999952_00000_d_0000320.jpg,3,0
9999952_00000_d_0000321.jpg,2,2
9999952_00000_d_0000322.jpg,1,3
9999952_00000_d_0000323.jpg,1,0
9999952_00000_d_0000324.jpg,9,16
9999952_00000_d_0000325.jpg,4,0
9999952_00000_d_0000326.jpg,11,6
9999952_00000_d_0000327.jpg,2,0
9999952_00000_d_0000328.jpg,0,11
9999952_00000_d_0000329.jpg,0,9
9999952_00000_d_0000330.jpg,4,4
9999952_00000_d_0000331.jpg,1,5
9999952_00000_d_0000332.jpg,0,15
9999952_00000_d_0000333.jpg,2,14
9999952_00000_d_0000334.jpg,3,8
9999952_00000_d_0000335.jpg,1,11
9999952_00000_d_0000336.jpg,1,5
9999952_00000_d_0000337.jpg,2,8
9999952_00000_d_0000338.jpg,3,2
9999952_00000_d_0000339.jpg,5,11
9999952_00000_d_0000340.jpg,0,10
9999952_00000_d_0000341.jpg,2,0
9999952_00000_d_0000342.jpg,0,9
9999952_00000_d_0000343.jpg,1,16
9999952_00000_d_0000344.jpg,8,8
9999952_00000_d_0000345.jpg,1,4
9999963_00000_d_0000001.jpg,4,18
9999963_00000_d_0000002.jpg,3,16
9999963_00000_d_0000003.jpg,6,14
9999963_00000_d_0000004.jpg,2,22
9999963_00000_d_0000005.jpg,6,12
9999963_00000_d_0000006.jpg,21,27
9999963_00000_d_0000007.jpg,9,17
9999963_00000_d_0000008.jpg,8,18
9999963_00000_d_0000009.jpg,4,19
9999963_00000_d_0000010.jpg,3,14
9999963_00000_d_0000011.jpg,6,15
9999963_00000_d_0000012.jpg,11,19
9999963_00000_d_0000013.jpg,9,25
9999963_00000_d_0000014.jpg,9,35
9999963_00000_d_0000015.jpg,7,16
9999963_00000_d_0000016.jpg,5,19
9999963_00000_d_0000017.jpg,6,17
9999963_00000_d_0000018.jpg,15,18
9999963_00000_d_0000019.jpg,4,14
9999963_00000_d_0000020.jpg,4,13
9999963_00000_d_0000021.jpg,10,9
9999963_00000_d_0000022.jpg,10,12
9999963_00000_d_0000023.jpg,9,18
9999963_00000_d_0000024.jpg,6,23
9999963_00000_d_0000025.jpg,14,14
9999963_00000_d_0000026.jpg,8,9
9999963_00000_d_0000027.jpg,2,18
9999963_00000_d_0000028.jpg,2,15
9999963_00000_d_0000029.jpg,3,11
9999963_00000_d_0000030.jpg,4,14
9999963_00000_d_0000031.jpg,6,19
9999963_00000_d_0000032.jpg,5,25
9999963_00000_d_0000033.jpg,2,13
9999963_00000_d_0000034.jpg,3,26
9999963_00000_d_0000035.jpg,13,16
9999963_00000_d_0000036.jpg,22,41
9999963_00000_d_0000037.jpg,23,42
9999963_00000_d_0000038.jpg,20,40
9999963_00000_d_0000039.jpg,10,25
9999963_00000_d_0000040.jpg,21,27
9999963_00000_d_0000041.jpg,11,28
9999963_00000_d_0000042.jpg,7,32
9999963_00000_d_0000043.jpg,4,12
9999963_00000_d_0000044.jpg,9,11
9999963_00000_d_0000045.jpg,3,10
9999963_00000_d_0000046.jpg,8,8
9999963_00000_d_0000047.jpg,9,11
9999963_00000_d_0000048.jpg,6,24
9999963_00000_d_0000049.jpg,2,17
9999963_00000_d_0000050.jpg,6,20
9999963_00000_d_0000051.jpg,25,22
9999963_00000_d_0000052.jpg,12,18
9999963_00000_d_0000053.jpg,11,17
9999963_00000_d_0000054.jpg,14,21
9999963_00000_d_0000055.jpg,5,25
9999963_00000_d_0000056.jpg,8,7
9999963_00000_d_0000057.jpg,6,20
9999963_00000_d_0000058.jpg,4,5
9999963_00000_d_0000059.jpg,4,38
9999963_00000_d_0000060.jpg,7,33
9999963_00000_d_0000061.jpg,2,13
9999963_00000_d_0000062.jpg,1,26
9999963_00000_d_0000063.jpg,4,19
9999963_00000_d_0000064.jpg,3,16
9999963_00000_d_0000065.jpg,2,20
9999963_00000_d_0000066.jpg,4,30
9999963_00000_d_0000067.jpg,3,19
9999963_00000_d_0000068.jpg,3,28
9999963_00000_d_0000069.jpg,0,21
9999963_00000_d_0000070.jpg,3,27
9999963_00000_d_0000071.jpg,3,22
9999963_00000_d_0000072.jpg,5,15
9999963_00000_d_0000073.jpg,0,10
9999963_00000_d_0000074.jpg,14,14
9999963_00000_d_0000075.jpg,6,19
9999963_00000_d_0000076.jpg,4,11
9999971_00000_d_0000001.jpg,11,0
9999973_00000_d_0000001.jpg,3,12
9999973_00000_d_0000002.jpg,3,13
9999973_00000_d_0000003.jpg,2,4
9999973_00000_d_0000004.jpg,0,14
9999973_00000_d_0000005.jpg,2,10
9999973_00000_d_0000006.jpg,0,9
9999973_00000_d_0000007.jpg,0,5
9999973_00000_d_0000008.jpg,2,6
9999973_00000_d_0000009.jpg,0,7
9999973_00000_d_0000010.jpg,0,9
9999973_00000_d_0000011.jpg,0,13
9999973_00000_d_0000012.jpg,0,23
9999973_00000_d_0000013.jpg,0,17
9999973_00000_d_0000014.jpg,2,9
9999973_00000_d_0000015.jpg,0,4
9999973_00000_d_0000016.jpg,0,2
9999973_00000_d_0000017.jpg,1,19
9999973_00000_d_0000018.jpg,1,11
9999973_00000_d_0000019.jpg,0,21
9999973_00000_d_0000020.jpg,0,10
9999973_00000_d_0000021.jpg,0,10
9999973_00000_d_0000022.jpg,2,11
9999973_00000_d_0000023.jpg,1,16
9999973_00000_d_0000024.jpg,1,20
9999973_00000_d_0000025.jpg,1,21
9999973_00000_d_0000026.jpg,2,4
9999973_00000_d_0000027.jpg,3,26
9999973_00000_d_0000028.jpg,1,24
9999973_00000_d_0000029.jpg,2,9
9999973_00000_d_0000030.jpg,4,7
9999973_00000_d_0000031.jpg,0,16
9999973_00000_d_0000032.jpg,0,14
9999973_00000_d_0000033.jpg,0,9
9999973_00000_d_0000034.jpg,0,14
9999973_00000_d_0000035.jpg,0,17
9999973_00000_d_0000036.jpg,0,15
9999973_00000_d_0000037.jpg,1,15
9999973_00000_d_0000038.jpg,0,8
9999973_00000_d_0000039.jpg,1,10
9999973_00000_d_0000040.jpg,1,4
9999973_00000_d_0000041.jpg,1,13
9999973_00000_d_0000042.jpg,2,15
9999973_00000_d_0000043.jpg,1,14
9999973_00000_d_0000044.jpg,0,4
9999973_00000_d_0000045.jpg,1,7
9999973_00000_d_0000046.jpg,0,1
9999973_00000_d_0000047.jpg,0,9
9999973_00000_d_0000048.jpg,0,2
9999973_00000_d_0000049.jpg,0,10
9999973_00000_d_0000050.jpg,1,13
9999973_00000_d_0000051.jpg,3,11
9999973_00000_d_0000052.jpg,0,9
9999973_00000_d_0000053.jpg,0,16
9999973_00000_d_0000054.jpg,0,12
9999973_00000_d_0000055.jpg,1,10
9999973_00000_d_0000056.jpg,0,3
9999973_00000_d_0000057.jpg,0,7
9999973_00000_d_0000058.jpg,0,27
9999973_00000_d_0000059.jpg,0,16
9999973_00000_d_0000060.jpg,3,16
9999973_00000_d_0000061.jpg,1,26
9999973_00000_d_0000062.jpg,0,7
9999973_00000_d_0000063.jpg,1,14
9999973_00000_d_0000064.jpg,0,18
9999973_00000_d_0000065.jpg,0,20
9999973_00000_d_0000066.jpg,0,8
9999973_00000_d_0000067.jpg,1,7
9999973_00000_d_0000068.jpg,2,22
9999973_00000_d_0000069.jpg,0,25
9999973_00000_d_0000070.jpg,0,12
9999973_00000_d_0000071.jpg,4,11
9999973_00000_d_0000072.jpg,2,14
9999973_00000_d_0000073.jpg,2,11
9999973_00000_d_0000074.jpg,1,14
9999973_00000_d_0000075.jpg,0,10
9999973_00000_d_0000076.jpg,0,8
9999973_00000_d_0000077.jpg,1,21
9999973_00000_d_0000078.jpg,1,10
9999973_00000_d_0000079.jpg,9,16
9999973_00000_d_0000080.jpg,0,15
9999973_00000_d_0000081.jpg,0,22
9999973_00000_d_0000082.jpg,1,16
9999973_00000_d_0000083.jpg,3,18
9999973_00000_d_0000084.jpg,2,18
9999973_00000_d_0000085.jpg,6,3
9999973_00000_d_0000086.jpg,1,20
9999973_00000_d_0000087.jpg,0,12
9999973_00000_d_0000088.jpg,0,6
9999973_00000_d_0000089.jpg,0,15
9999973_00000_d_0000090.jpg,0,15
9999973_00000_d_0000091.jpg,1,18
9999973_00000_d_0000092.jpg,1,13
9999973_00000_d_0000093.jpg,1,2
9999973_00000_d_0000094.jpg,0,2
9999973_00000_d_0000095.jpg,1,21
9999973_00000_d_0000096.jpg,0,22
9999973_00000_d_0000097.jpg,0,21
9999973_00000_d_0000098.jpg,0,8
9999973_00000_d_0000099.jpg,0,6
9999973_00000_d_0000100.jpg,0,4
9999973_00000_d_0000101.jpg,0,12
9999973_00000_d_0000102.jpg,1,10
9999973_00000_d_0000103.jpg,0,10
9999973_00000_d_0000104.jpg,0,11
9999973_00000_d_0000105.jpg,0,9
9999973_00000_d_0000106.jpg,0,15
9999973_00000_d_0000107.jpg,1,6
9999973_00000_d_0000108.jpg,1,9
9999973_00000_d_0000109.jpg,1,13
9999973_00000_d_0000110.jpg,0,18
9999973_00000_d_0000111.jpg,2,26
9999973_00000_d_0000112.jpg,0,18
9999973_00000_d_0000113.jpg,3,23
9999973_00000_d_0000114.jpg,0,5
9999973_00000_d_0000115.jpg,0,10
9999973_00000_d_0000116.jpg,0,15
9999973_00000_d_0000117.jpg,0,11
9999973_00000_d_0000118.jpg,1,9
9999973_00000_d_0000119.jpg,1,9
9999973_00000_d_0000120.jpg,0,8
9999973_00000_d_0000121.jpg,1,17
9999973_00000_d_0000122.jpg,0,17
9999973_00000_d_0000123.jpg,1,18
9999973_00000_d_0000124.jpg,0,8
9999973_00000_d_0000125.jpg,1,9
9999973_00000_d_0000126.jpg,0,7
9999973_00000_d_0000127.jpg,0,3
9999973_00000_d_0000128.jpg,1,18
9999973_00000_d_0000129.jpg,1,22
9999973_00000_d_0000130.jpg,0,10
9999973_00000_d_0000131.jpg,0,27
9999973_00000_d_0000132.jpg,0,14
9999973_00000_d_0000133.jpg,1,16
9999973_00000_d_0000134.jpg,0,5
9999973_00000_d_0000135.jpg,2,17
9999973_00000_d_0000136.jpg,1,20
9999973_00000_d_0000137.jpg,0,17
9999973_00000_d_0000138.jpg,1,11
9999973_00000_d_0000139.jpg,0,14
9999973_00000_d_0000140.jpg,0,19
9999973_00000_d_0000141.jpg,0,17
9999973_00000_d_0000142.jpg,2,14
9999973_00000_d_0000143.jpg,0,18
9999973_00000_d_0000144.jpg,0,7
9999973_00000_d_0000145.jpg,2,1
9999973_00000_d_0000146.jpg,0,7
9999973_00000_d_0000147.jpg,0,11
9999973_00000_d_0000148.jpg,0,16
9999973_00000_d_0000149.jpg,0,10
9999973_00000_d_0000150.jpg,0,14
9999973_00000_d_0000151.jpg,0,8
9999976_00000_d_0000001.jpg,3,1
9999976_00000_d_0000002.jpg,0,0
9999976_00000_d_0000003.jpg,0,0
9999976_00000_d_0000004.jpg,0,0
9999976_00000_d_0000005.jpg,0,14
9999976_00000_d_0000006.jpg,0,11
9999976_00000_d_0000007.jpg,2,2
9999976_00000_d_0000008.jpg,5,6
9999976_00000_d_0000009.jpg,0,1
9999976_00000_d_0000010.jpg,1,10
9999976_00000_d_0000011.jpg,0,1
9999976_00000_d_0000012.jpg,4,0
9999976_00000_d_0000013.jpg,0,1
9999976_00000_d_0000014.jpg,0,1
9999976_00000_d_0000015.jpg,0,0
9999976_00000_d_0000016.jpg,0,8
9999976_00000_d_0000017.jpg,2,8
9999976_00000_d_0000018.jpg,0,1
9999976_00000_d_0000019.jpg,0,0
9999976_00000_d_0000020.jpg,2,7
9999976_00000_d_0000021.jpg,4,4
9999976_00000_d_0000022.jpg,3,10
9999976_00000_d_0000023.jpg,1,10
9999976_00000_d_0000024.jpg,2,8
9999976_00000_d_0000025.jpg,2,8
9999976_00000_d_0000026.jpg,2,7
9999976_00000_d_0000027.jpg,1,3
9999976_00000_d_0000028.jpg,0,2
9999976_00000_d_0000029.jpg,0,0
9999976_00000_d_0000030.jpg,4,0
9999976_00000_d_0000031.jpg,0,0
9999976_00000_d_0000032.jpg,2,0
9999976_00000_d_0000033.jpg,3,0
9999976_00000_d_0000034.jpg,5,0
9999979_00000_d_0000001.jpg,0,0
9999979_00000_d_0000002.jpg,7,12
9999979_00000_d_0000003.jpg,3,12
9999979_00000_d_0000004.jpg,1,7
9999979_00000_d_0000005.jpg,4,5
9999979_00000_d_0000006.jpg,3,12
9999979_00000_d_0000007.jpg,0,16
9999979_00000_d_0000008.jpg,5,35
9999979_00000_d_0000009.jpg,3,29
9999979_00000_d_0000010.jpg,2,13
9999979_00000_d_0000011.jpg,0,9
9999979_00000_d_0000012.jpg,2,8
9999979_00000_d_0000013.jpg,3,7
9999979_00000_d_0000014.jpg,6,8
9999979_00000_d_0000015.jpg,2,26
9999979_00000_d_0000016.jpg,17,31
9999979_00000_d_0000017.jpg,14,29
9999979_00000_d_0000018.jpg,16,26
9999979_00000_d_0000019.jpg,12,4
9999979_00000_d_0000020.jpg,0,16
9999979_00000_d_0000021.jpg,1,16
9999979_00000_d_0000022.jpg,2,64
9999979_00000_d_0000023.jpg,7,91
9999979_00000_d_0000024.jpg,0,39
9999979_00000_d_0000025.jpg,3,77
9999979_00000_d_0000026.jpg,0,81
9999979_00000_d_0000027.jpg,1,7
9999979_00000_d_0000028.jpg,2,24
9999979_00000_d_0000029.jpg,11,13
9999979_00000_d_0000030.jpg,17,11
9999979_00000_d_0000031.jpg,0,5
9999979_00000_d_0000032.jpg,3,5
9999979_00000_d_0000033.jpg,13,44
9999979_00000_d_0000034.jpg,4,57
9999979_00000_d_0000035.jpg,3,5
9999979_00000_d_0000036.jpg,6,12
9999979_00000_d_0000037.jpg,9,13
9999979_00000_d_0000038.jpg,2,4
9999979_00000_d_0000039.jpg,2,9
9999979_00000_d_0000040.jpg,4,36
9999979_00000_d_0000041.jpg,1,4
9999979_00000_d_0000042.jpg,1,55
9999979_00000_d_0000043.jpg,12,45
9999979_00000_d_0000044.jpg,2,63
9999979_00000_d_0000045.jpg,7,71
9999979_00000_d_0000046.jpg,1,13
9999979_00000_d_0000047.jpg,21,66
9999979_00000_d_0000048.jpg,3,15
9999979_00000_d_0000049.jpg,0,19
9999979_00000_d_0000050.jpg,2,25
9999979_00000_d_0000051.jpg,0,17
9999979_00000_d_0000052.jpg,4,28
9999979_00000_d_0000053.jpg,5,13
9999980_00000_d_0000001.jpg,7,29
9999980_00000_d_0000002.jpg,12,0
9999980_00000_d_0000003.jpg,14,0
9999980_00000_d_0000004.jpg,0,4
9999980_00000_d_0000005.jpg,5,15
9999986_00000_d_0000001.jpg,26,3
9999986_00000_d_0000002.jpg,16,3
9999986_00000_d_0000003.jpg,11,6
9999986_00000_d_0000004.jpg,13,5
9999986_00000_d_0000005.jpg,21,4
9999986_00000_d_0000006.jpg,19,4
9999986_00000_d_0000007.jpg,22,4
9999986_00000_d_0000008.jpg,19,3
9999986_00000_d_0000009.jpg,12,2
9999986_00000_d_0000010.jpg,21,4
9999986_00000_d_0000011.jpg,10,5
9999986_00000_d_0000012.jpg,6,2
9999986_00000_d_0000013.jpg,8,4
9999986_00000_d_0000014.jpg,5,3
9999986_00000_d_0000015.jpg,7,6
9999986_00000_d_0000016.jpg,6,15
9999986_00000_d_0000017.jpg,6,9
9999986_00000_d_0000018.jpg,4,11
9999986_00000_d_0000019.jpg,9,5
9999986_00000_d_0000020.jpg,6,6
9999986_00000_d_0000021.jpg,2,6
9999986_00000_d_0000022.jpg,2,5
9999986_00000_d_0000023.jpg,1,2
9999986_00000_d_0000024.jpg,7,1
9999986_00000_d_0000025.jpg,6,3
9999986_00000_d_0000026.jpg,4,4
9999986_00000_d_0000027.jpg,0,3
9999986_00000_d_0000028.jpg,1,5
9999986_00000_d_0000029.jpg,5,7
9999986_00000_d_0000030.jpg,4,8
9999986_00000_d_0000031.jpg,2,7
9999986_00000_d_0000032.jpg,6,4
9999986_00000_d_0000033.jpg,9,2
9999986_00000_d_0000034.jpg,11,1
9999986_00000_d_0000035.jpg,2,6
9999986_00000_d_0000036.jpg,4,8
9999986_00000_d_0000037.jpg,7,4
9999986_00000_d_0000038.jpg,12,5
9999986_00000_d_0000039.jpg,8,7
9999986_00000_d_0000040.jpg,0,4
9999986_00000_d_0000041.jpg,0,5
9999986_00000_d_0000042.jpg,9,4
9999986_00000_d_0000043.jpg,10,4
9999986_00000_d_0000044.jpg,15,6
9999986_00000_d_0000045.jpg,9,9
9999986_00000_d_0000046.jpg,13,7
9999986_00000_d_0000047.jpg,7,4
9999986_00000_d_0000048.jpg,4,5
9999986_00000_d_0000049.jpg,2,0
9999986_00000_d_0000050.jpg,3,0
9999986_00000_d_0000051.jpg,3,10
9999986_00000_d_0000052.jpg,5,2
9999986_00000_d_0000053.jpg,2,9
9999986_00000_d_0000054.jpg,3,8
9999986_00000_d_0000055.jpg,35,2
9999986_00000_d_0000056.jpg,29,1
9999986_00000_d_0000057.jpg,13,2
9999986_00000_d_0000058.jpg,26,1
9999993_00000_d_0000001.jpg,13,30
9999993_00000_d_0000002.jpg,9,9
9999993_00000_d_0000003.jpg,0,7
9999993_00000_d_0000004.jpg,1,6
9999993_00000_d_0000005.jpg,2,11
9999993_00000_d_0000006.jpg,7,24
9999993_00000_d_0000007.jpg,2,13
9999993_00000_d_0000008.jpg,1,21
9999993_00000_d_0000009.jpg,1,27
9999993_00000_d_0000010.jpg,0,25
9999993_00000_d_0000011.jpg,10,20
9999993_00000_d_0000012.jpg,4,24
9999993_00000_d_0000013.jpg,1,16
9999993_00000_d_0000014.jpg,20,29
9999993_00000_d_0000015.jpg,9,17
9999993_00000_d_0000016.jpg,11,30
9999993_00000_d_0000017.jpg,6,16
9999993_00000_d_0000018.jpg,4,21
9999993_00000_d_0000019.jpg,5,15
9999993_00000_d_0000020.jpg,3,24
9999993_00000_d_0000021.jpg,8,10
9999993_00000_d_0000022.jpg,7,16
9999993_00000_d_0000023.jpg,8,34
9999993_00000_d_0000024.jpg,10,30
9999996_00000_d_0000001.jpg,1,9
9999996_00000_d_0000002.jpg,0,32
9999996_00000_d_0000003.jpg,0,30
9999996_00000_d_0000004.jpg,1,11
9999996_00000_d_0000005.jpg,5,0
9999996_00000_d_0000006.jpg,3,0
9999996_00000_d_0000007.jpg,2,1
9999996_00000_d_0000008.jpg,3,0
9999996_00000_d_0000009.jpg,1,0
9999996_00000_d_0000010.jpg,0,13
9999996_00000_d_0000011.jpg,0,12
9999996_00000_d_0000012.jpg,1,3
9999996_00000_d_0000013.jpg,0,16
9999996_00000_d_0000014.jpg,14,25
9999996_00000_d_0000015.jpg,2,31
9999996_00000_d_0000016.jpg,0,27
9999996_00000_d_0000017.jpg,0,10
9999996_00000_d_0000018.jpg,1,22
9999996_00000_d_0000019.jpg,0,9
9999996_00000_d_0000020.jpg,0,16
9999996_00000_d_0000021.jpg,2,31
9999996_00000_d_0000022.jpg,2,6
9999996_00000_d_0000023.jpg,1,2
9999996_00000_d_0000024.jpg,0,5
9999996_00000_d_0000025.jpg,0,7
9999996_00000_d_0000026.jpg,6,0
9999996_00000_d_0000027.jpg,0,0
9999996_00000_d_0000028.jpg,3,5
9999996_00000_d_0000029.jpg,3,41
