image,humans,cars,total_target_objects
0000006_00159_d_0000001.jpg,4,44,48
0000006_00611_d_0000002.jpg,5,49,54
0000006_01111_d_0000003.jpg,4,12,16
0000006_01275_d_0000004.jpg,1,13,14
0000006_01659_d_0000004.jpg,0,6,6
0000006_02138_d_0000006.jpg,0,3,3
0000006_02616_d_0000007.jpg,0,0,0
0000006_03636_d_0000009.jpg,1,0,1
0000006_04050_d_0000010.jpg,0,0,0
0000006_04309_d_0000011.jpg,1,13,14
0000006_05168_d_0000013.jpg,1,16,17
0000006_05208_d_0000014.jpg,0,0,0
0000006_05575_d_0000016.jpg,0,1,1
0000006_05999_d_0000017.jpg,0,17,17
0000006_06773_d_0000018.jpg,1,15,16
0000006_07596_d_0000020.jpg,0,6,6
0000011_00234_d_0000001.jpg,36,1,37
0000011_01350_d_0000003.jpg,23,0,23
0000011_01955_d_0000004.jpg,41,2,43
0000011_02800_d_0000005.jpg,26,3,29
0000011_04202_d_0000007.jpg,23,3,26
0000011_05068_d_0000008.jpg,38,0,38
0000011_06000_d_0000009.jpg,27,2,29
0000011_06595_d_0000010.jpg,13,0,13
0000011_07307_d_0000011.jpg,34,0,34
0000011_08299_d_0000012.jpg,14,1,15
0000054_00786_d_0000001.jpg,71,1,72
0000063_00500_d_0000001.jpg,171,0,171
0000063_02235_d_0000003.jpg,83,0,83
0000063_03139_d_0000004.jpg,41,0,41
0000063_04000_d_0000005.jpg,71,0,71
0000063_05000_d_0000006.jpg,37,0,37
0000063_06000_d_0000007.jpg,31,0,31
0000063_07000_d_0000008.jpg,103,0,103
0000063_08000_d_0000009.jpg,115,0,115
0000063_08995_d_0000010.jpg,65,1,66
0000063_10000_d_0000011.jpg,85,7,92
0000063_11000_d_0000012.jpg,101,4,105
0000063_11817_d_0000013.jpg,88,4,92
0000063_12500_d_0000014.jpg,126,0,126
0000066_01097_d_0000002.jpg,300,0,300
0000073_00377_d_0000001.jpg,68,0,68
0000073_01275_d_0000002.jpg,89,0,89
0000073_03155_d_0000004.jpg,82,0,82
0000073_04009_d_0000005.jpg,77,1,78
0000073_05010_d_0000006.jpg,78,0,78
0000073_05999_d_0000007.jpg,69,1,70
0000074_01218_d_0000002.jpg,84,0,84
0000074_02723_d_0000005.jpg,74,0,74
0000074_03738_d_0000007.jpg,63,0,63
0000074_05715_d_0000011.jpg,60,3,63
0000074_06746_d_0000013.jpg,71,3,74
0000074_07297_d_0000014.jpg,75,5,80
0000074_07850_d_0000015.jpg,123,2,125
0000074_08202_d_0000016.jpg,90,1,91
0000074_08777_d_0000017.jpg,28,3,31
0000074_09738_d_0000019.jpg,103,3,106
0000074_10218_d_0000020.jpg,49,3,52
0000074_10730_d_0000021.jpg,63,3,66
0000074_11362_d_0000022.jpg,71,0,71
0000074_11827_d_0000023.jpg,69,1,70
0000074_12322_d_0000024.jpg,64,0,64
0000074_13313_d_0000026.jpg,92,1,93
0000074_13875_d_0000027.jpg,66,4,70
0000074_14850_d_0000029.jpg,81,0,81
0000074_15298_d_0000030.jpg,55,0,55
0000074_15793_d_0000031.jpg,59,0,59
0000074_16210_d_0000032.jpg,65,0,65
0000078_00490_d_0000002.jpg,2,8,10
0000078_01314_d_0000004.jpg,1,1,2
0000078_01938_d_0000006.jpg,2,6,8
0000078_02363_d_0000007.jpg,0,1,1
0000078_02778_d_0000008.jpg,14,6,20
0000078_03171_d_0000009.jpg,23,2,25
0000078_03315_d_0000010.jpg,9,0,9
0000078_03810_d_0000011.jpg,8,0,8
0000078_04210_d_0000012.jpg,1,0,1
0000078_04546_d_0000013.jpg,2,0,2
0000078_05467_d_0000015.jpg,0,0,0
0000078_05939_d_0000016.jpg,0,0,0
0000078_06363_d_0000017.jpg,8,0,8
0000078_06506_d_0000018.jpg,0,1,1
0000078_06586_d_0000019.jpg,10,0,10
0000078_06777_d_0000020.jpg,0,0,0
0000078_07266_d_0000021.jpg,5,0,5
0000078_07819_d_0000023.jpg,4,0,4
0000083_00803_d_0000003.jpg,37,0,37
0000087_00009_d_0000001.jpg,72,0,72
0000087_00299_d_0000002.jpg,100,0,100
0000087_00700_d_0000003.jpg,104,0,104
0000087_01140_d_0000004.jpg,101,0,101
0000087_01580_d_0000005.jpg,64,0,64
0000105_01556_d_0000069.jpg,16,18,34
0000105_01748_d_0000070.jpg,13,26,39
0000105_02201_d_0000071.jpg,1,11,12
0000105_02539_d_0000072.jpg,6,45,51
0000105_02747_d_0000073.jpg,5,14,19
0000105_02931_d_0000074.jpg,12,16,28
0000118_02327_d_0000076.jpg,10,70,80
0000118_02632_d_0000077.jpg,32,42,74
0000120_00559_d_0000092.jpg,31,18,49
0000120_01392_d_0000094.jpg,11,27,38
0000120_01535_d_0000095.jpg,1,4,5
0000120_02001_d_0000096.jpg,41,28,69
0000120_02946_d_0000098.jpg,25,13,38
0000120_03922_d_0000100.jpg,31,10,41
0000120_04920_d_0000102.jpg,59,19,78
0000120_05373_d_0000103.jpg,31,13,44
0000120_06848_d_0000106.jpg,17,21,38
0000120_07578_d_0000108.jpg,8,35,43
0000127_00002_d_0000119.jpg,39,110,149
0000127_00265_d_0000120.jpg,28,107,135
0000127_01002_d_0000123.jpg,34,59,93
0000152_00100_d_0000145.jpg,8,9,17
0000152_00599_d_0000146.jpg,5,16,21
0000152_02214_d_0000150.jpg,7,10,17
0000152_03226_d_0000153.jpg,8,5,13
0000161_01584_d_0000158.jpg,40,22,62
0000164_00078_d_0000159.jpg,9,15,24
0000164_01068_d_0000162.jpg,5,12,17
0000164_01302_d_0000163.jpg,2,8,10
0000164_01840_d_0000165.jpg,3,24,27
0000183_00031_d_0000176.jpg,29,17,46
0000183_00216_d_0000177.jpg,10,20,30
0000184_00512_d_0000182.jpg,18,29,47
0000186_00901_d_0000187.jpg,13,22,35
0000186_01387_d_0000188.jpg,8,23,31
0000187_00024_d_0000189.jpg,8,26,34
0000187_00444_d_0000190.jpg,6,20,26
0000187_00666_d_0000191.jpg,5,10,15
0000189_00297_d_0000198.jpg,13,25,38
0000190_00023_d_0000201.jpg,17,25,42
0000190_00172_d_0000202.jpg,10,23,33
0000192_00522_d_0000213.jpg,10,26,36
0000207_00000_d_0000001.jpg,11,28,39
0000207_00100_d_0000002.jpg,7,31,38
0000207_00300_d_0000004.jpg,8,26,34
0000207_00500_d_0000006.jpg,7,46,53
0000207_00600_d_0000007.jpg,3,61,64
0000207_00700_d_0000008.jpg,3,82,85
0000250_02350_d_0000001.jpg,1,28,29
0000259_00000_d_0000001.jpg,10,22,32
0000259_00500_d_0000002.jpg,10,18,28
0000259_01000_d_0000003.jpg,18,16,34
0000259_02000_d_0000005.jpg,18,35,53
0000259_02500_d_0000006.jpg,9,21,30
0000259_03000_d_0000007.jpg,11,17,28
0000259_03500_d_0000008.jpg,9,18,27
0000265_00500_d_0000002.jpg,4,26,30
0000265_01500_d_0000004.jpg,17,36,53
0000265_02000_d_0000005.jpg,10,34,44
0000265_03000_d_0000007.jpg,37,75,112
0000265_03500_d_0000008.jpg,18,62,80
0000265_04000_d_0000009.jpg,37,48,85
0000265_04500_d_0000010.jpg,35,64,99
0000265_05000_d_0000011.jpg,26,45,71
0000272_00000_d_0000001.jpg,12,22,34
0000272_01000_d_0000003.jpg,1,77,78
0000272_01500_d_0000004.jpg,14,82,96
0000272_02000_d_0000005.jpg,6,82,88
0000272_02500_d_0000006.jpg,25,74,99
0000272_03500_d_0000008.jpg,10,33,43
0000272_04000_d_0000009.jpg,10,26,36
0000272_04500_d_0000010.jpg,14,17,31
0000272_05000_d_0000011.jpg,14,17,31
0000272_05500_d_0000012.jpg,12,16,28
0000278_02251_d_0000001.jpg,5,54,59
0000278_02351_d_0000002.jpg,7,55,62
0000278_02451_d_0000003.jpg,6,61,67
0000278_02951_d_0000008.jpg,7,92,99
0000282_00000_d_0000001.jpg,0,3,3
0000282_04000_d_0000009.jpg,0,3,3
0000294_00000_d_0000053.jpg,27,27,54
0000298_00000_d_0000070.jpg,27,55,82
0000299_00000_d_0000088.jpg,18,49,67
0000299_01200_d_0000096.jpg,6,26,32
0000299_01650_d_0000099.jpg,4,29,33
0000299_01800_d_0000100.jpg,4,34,38
0000299_02500_d_0000102.jpg,1,18,19
0000299_03500_d_0000104.jpg,8,25,33
0000299_04000_d_0000105.jpg,7,31,38
0000299_04500_d_0000106.jpg,3,30,33
0000299_05000_d_0000107.jpg,16,54,70
0000299_05500_d_0000108.jpg,14,56,70
0000302_03866_d_0000117.jpg,4,60,64
0000310_02500_d_0000123.jpg,18,26,44
0000310_03000_d_0000124.jpg,10,8,18
0000310_03500_d_0000125.jpg,7,3,10
0000310_04000_d_0000126.jpg,23,26,49
0000310_05822_d_0000130.jpg,22,35,57
0000314_00000_d_0000142.jpg,11,20,31
0000314_00500_d_0000143.jpg,13,8,21
0000314_01000_d_0000144.jpg,10,6,16
0000314_01500_d_0000145.jpg,10,10,20
0000314_01908_d_0000146.jpg,16,19,35
0000320_00150_d_0000003.jpg,31,24,55
0000320_00300_d_0000004.jpg,27,24,51
0000320_00450_d_0000005.jpg,7,22,29
0000320_00600_d_0000006.jpg,7,25,32
0000320_00750_d_0000007.jpg,10,25,35
0000320_00900_d_0000008.jpg,16,24,40
0000320_01050_d_0000009.jpg,33,27,60
0000320_01200_d_0000010.jpg,31,23,54
0000320_03950_d_0000011.jpg,52,15,67
0000320_04050_d_0000012.jpg,43,26,69
0000320_04200_d_0000013.jpg,15,23,38
0000320_04375_d_0000014.jpg,11,35,46
0000321_00000_d_0000015.jpg,19,149,168
0000321_00268_d_0000016.jpg,2,63,65
0000328_00150_d_0000019.jpg,11,28,39
0000328_00300_d_0000020.jpg,10,37,47
0000328_00600_d_0000022.jpg,12,35,47
0000328_01050_d_0000025.jpg,8,40,48
0000337_00500_d_0000037.jpg,7,27,34
0000337_01000_d_0000038.jpg,12,35,47
0000337_01500_d_0000039.jpg,16,37,53
0000337_02000_d_0000040.jpg,12,22,34
0000337_02500_d_0000041.jpg,16,24,40
0000337_03000_d_0000042.jpg,7,16,23
0000337_03500_d_0000043.jpg,4,13,17
0000337_04000_d_0000044.jpg,3,13,16
0000337_04362_d_0000045.jpg,8,13,21
0000347_00000_d_0000046.jpg,14,51,65
0000347_00100_d_0000047.jpg,18,37,55
0000347_00511_d_0000048.jpg,8,57,65
0000347_00800_d_0000049.jpg,10,56,66
0000347_01250_d_0000050.jpg,5,40,45
0000347_01728_d_0000051.jpg,10,45,55
0000347_02000_d_0000052.jpg,5,45,50
0000353_00000_d_0000188.jpg,14,24,38
0000353_00500_d_0000189.jpg,13,34,47
0000353_01000_d_0000190.jpg,26,30,56
0000353_01500_d_0000191.jpg,15,18,33
0000353_02000_d_0000192.jpg,20,17,37
0000353_02500_d_0000193.jpg,7,29,36
0000353_03500_d_0000195.jpg,7,36,43
0000353_04500_d_0000197.jpg,7,53,60
0000353_05000_d_0000198.jpg,6,34,40
0000353_05500_d_0000199.jpg,3,25,28
0000353_06000_d_0000200.jpg,2,30,32
0000355_00000_d_0000206.jpg,1,19,20
0000355_01000_d_0000208.jpg,3,24,27
0000355_02500_d_0000211.jpg,1,9,10
0000365_00000_d_0000223.jpg,20,9,29
0000365_00500_d_0000224.jpg,20,2,22
0000365_01000_d_0000225.jpg,8,8,16
0000365_01500_d_0000226.jpg,11,4,15
0000369_00500_d_0000242.jpg,0,3,3
0000369_02000_d_0000245.jpg,0,4,4
0000370_00000_d_0000250.jpg,0,0,0
0000370_02000_d_0000254.jpg,0,3,3
0000370_03000_d_0000256.jpg,0,2,2
9999938_00000_d_0000001.jpg,9,4,13
9999938_00000_d_0000002.jpg,26,6,32
9999938_00000_d_0000003.jpg,0,8,8
9999938_00000_d_0000004.jpg,6,11,17
9999938_00000_d_0000005.jpg,8,6,14
9999938_00000_d_0000006.jpg,18,3,21
9999938_00000_d_0000007.jpg,8,19,27
9999938_00000_d_0000008.jpg,12,12,24
9999938_00000_d_0000009.jpg,1,28,29
9999938_00000_d_0000010.jpg,0,23,23
9999938_00000_d_0000011.jpg,0,42,42
9999938_00000_d_0000012.jpg,1,39,40
9999938_00000_d_0000013.jpg,0,22,22
9999938_00000_d_0000014.jpg,4,20,24
9999938_00000_d_0000015.jpg,0,30,30
9999938_00000_d_0000016.jpg,1,25,26
9999938_00000_d_0000017.jpg,1,14,15
9999938_00000_d_0000018.jpg,2,43,45
9999938_00000_d_0000019.jpg,1,73,74
9999938_00000_d_0000020.jpg,0,58,58
9999938_00000_d_0000021.jpg,0,16,16
9999938_00000_d_0000022.jpg,0,22,22
9999938_00000_d_0000023.jpg,0,25,25
9999938_00000_d_0000024.jpg,1,16,17
9999938_00000_d_0000025.jpg,0,20,20
9999938_00000_d_0000026.jpg,6,19,25
9999938_00000_d_0000027.jpg,16,15,31
9999938_00000_d_0000028.jpg,11,16,27
9999938_00000_d_0000029.jpg,0,17,17
9999938_00000_d_0000030.jpg,0,18,18
9999938_00000_d_0000031.jpg,0,24,24
9999938_00000_d_0000032.jpg,12,11,23
9999938_00000_d_0000033.jpg,6,15,21
9999938_00000_d_0000034.jpg,7,17,24
9999938_00000_d_0000035.jpg,11,12,23
9999938_00000_d_0000036.jpg,18,8,26
9999938_00000_d_0000037.jpg,25,8,33
9999938_00000_d_0000038.jpg,5,6,11
9999938_00000_d_0000039.jpg,3,9,12
9999938_00000_d_0000040.jpg,3,10,13
9999938_00000_d_0000041.jpg,2,11,13
9999938_00000_d_0000042.jpg,8,7,15
9999938_00000_d_0000043.jpg,1,15,16
9999938_00000_d_0000044.jpg,9,12,21
9999938_00000_d_0000045.jpg,3,12,15
9999938_00000_d_0000046.jpg,4,10,14
9999938_00000_d_0000047.jpg,2,15,17
9999938_00000_d_0000048.jpg,10,6,16
9999938_00000_d_0000049.jpg,6,9,15
9999938_00000_d_0000050.jpg,2,9,11
9999938_00000_d_0000051.jpg,3,8,11
9999938_00000_d_0000052.jpg,2,17,19
9999938_00000_d_0000053.jpg,4,18,22
9999938_00000_d_0000054.jpg,1,16,17
9999938_00000_d_0000055.jpg,0,18,18
9999938_00000_d_0000056.jpg,0,16,16
9999938_00000_d_0000057.jpg,6,17,23
9999938_00000_d_0000058.jpg,0,25,25
9999938_00000_d_0000059.jpg,8,7,15
9999938_00000_d_0000060.jpg,24,5,29
9999938_00000_d_0000061.jpg,0,5,5
9999938_00000_d_0000062.jpg,11,3,14
9999938_00000_d_0000063.jpg,5,4,9
9999938_00000_d_0000064.jpg,5,7,12
9999938_00000_d_0000065.jpg,14,6,20
9999938_00000_d_0000066.jpg,12,12,24
9999938_00000_d_0000067.jpg,21,10,31
9999938_00000_d_0000068.jpg,30,8,38
9999938_00000_d_0000069.jpg,3,3,6
9999938_00000_d_0000070.jpg,7,8,15
9999938_00000_d_0000071.jpg,32,4,36
9999938_00000_d_0000072.jpg,25,6,31
9999938_00000_d_0000073.jpg,41,10,51
9999938_00000_d_0000074.jpg,44,5,49
9999938_00000_d_0000075.jpg,21,10,31
9999938_00000_d_0000076.jpg,12,0,12
9999938_00000_d_0000077.jpg,21,1,22
9999938_00000_d_0000078.jpg,23,1,24
9999938_00000_d_0000079.jpg,9,5,14
9999938_00000_d_0000080.jpg,27,12,39
9999938_00000_d_0000081.jpg,9,4,13
9999938_00000_d_0000082.jpg,27,5,32
9999938_00000_d_0000083.jpg,27,6,33
9999938_00000_d_0000084.jpg,20,5,25
9999938_00000_d_0000085.jpg,20,3,23
9999938_00000_d_0000086.jpg,30,7,37
9999938_00000_d_0000087.jpg,24,7,31
9999938_00000_d_0000088.jpg,35,10,45
9999938_00000_d_0000089.jpg,33,10,43
9999938_00000_d_0000090.jpg,19,7,26
9999938_00000_d_0000091.jpg,3,7,10
9999938_00000_d_0000092.jpg,6,4,10
9999938_00000_d_0000093.jpg,6,9,15
9999938_00000_d_0000094.jpg,3,15,18
9999938_00000_d_0000095.jpg,7,11,18
9999938_00000_d_0000096.jpg,3,13,16
9999938_00000_d_0000097.jpg,8,8,16
9999938_00000_d_0000098.jpg,19,4,23
9999938_00000_d_0000099.jpg,34,6,40
9999938_00000_d_0000100.jpg,28,11,39
9999938_00000_d_0000101.jpg,30,10,40
9999938_00000_d_0000102.jpg,17,1,18
9999938_00000_d_0000103.jpg,6,2,8
9999938_00000_d_0000104.jpg,47,4,51
9999938_00000_d_0000105.jpg,87,6,93
9999938_00000_d_0000106.jpg,91,3,94
9999938_00000_d_0000107.jpg,83,0,83
9999938_00000_d_0000108.jpg,45,0,45
9999938_00000_d_0000109.jpg,51,2,53
9999938_00000_d_0000110.jpg,31,1,32
9999938_00000_d_0000111.jpg,35,6,41
9999938_00000_d_0000112.jpg,28,8,36
9999938_00000_d_0000113.jpg,3,13,16
9999938_00000_d_0000114.jpg,3,7,10
9999938_00000_d_0000115.jpg,11,10,21
9999938_00000_d_0000116.jpg,30,0,30
9999938_00000_d_0000117.jpg,28,0,28
9999938_00000_d_0000118.jpg,16,0,16
9999938_00000_d_0000119.jpg,34,4,38
9999938_00000_d_0000120.jpg,46,5,51
9999938_00000_d_0000121.jpg,76,0,76
9999938_00000_d_0000122.jpg,45,2,47
9999938_00000_d_0000123.jpg,42,4,46
9999938_00000_d_0000124.jpg,17,2,19
9999938_00000_d_0000125.jpg,29,8,37
9999938_00000_d_0000126.jpg,14,1,15
9999938_00000_d_0000127.jpg,81,2,83
9999938_00000_d_0000128.jpg,78,2,80
9999938_00000_d_0000129.jpg,14,14,28
9999938_00000_d_0000130.jpg,22,11,33
9999938_00000_d_0000131.jpg,19,10,29
9999938_00000_d_0000132.jpg,20,12,32
9999938_00000_d_0000133.jpg,6,10,16
9999938_00000_d_0000134.jpg,1,14,15
9999938_00000_d_0000135.jpg,12,12,24
9999938_00000_d_0000136.jpg,22,4,26
9999938_00000_d_0000137.jpg,9,6,15
9999938_00000_d_0000138.jpg,4,22,26
9999938_00000_d_0000139.jpg,7,7,14
9999938_00000_d_0000140.jpg,14,8,22
9999938_00000_d_0000141.jpg,20,5,25
9999938_00000_d_0000142.jpg,17,15,32
9999938_00000_d_0000143.jpg,13,8,21
9999938_00000_d_0000144.jpg,4,21,25
9999938_00000_d_0000145.jpg,2,25,27
9999938_00000_d_0000146.jpg,0,7,7
9999938_00000_d_0000147.jpg,1,5,6
9999938_00000_d_0000148.jpg,0,0,0
9999938_00000_d_0000149.jpg,0,4,4
9999938_00000_d_0000150.jpg,5,2,7
9999938_00000_d_0000151.jpg,4,10,14
9999938_00000_d_0000152.jpg,11,13,24
9999938_00000_d_0000153.jpg,13,8,21
9999938_00000_d_0000154.jpg,10,8,18
9999938_00000_d_0000155.jpg,5,21,26
9999938_00000_d_0000156.jpg,9,10,19
9999938_00000_d_0000157.jpg,4,8,12
9999938_00000_d_0000158.jpg,6,3,9
9999938_00000_d_0000159.jpg,7,11,18
9999938_00000_d_0000160.jpg,12,20,32
9999938_00000_d_0000161.jpg,11,7,18
9999938_00000_d_0000162.jpg,2,16,18
9999938_00000_d_0000163.jpg,4,11,15
9999938_00000_d_0000164.jpg,1,29,30
9999938_00000_d_0000165.jpg,0,8,8
9999938_00000_d_0000166.jpg,0,26,26
9999938_00000_d_0000167.jpg,8,3,11
9999938_00000_d_0000168.jpg,7,6,13
9999938_00000_d_0000169.jpg,28,9,37
9999938_00000_d_0000170.jpg,11,15,26
9999938_00000_d_0000171.jpg,11,13,24
9999938_00000_d_0000172.jpg,12,35,47
9999938_00000_d_0000173.jpg,3,17,20
9999938_00000_d_0000174.jpg,0,38,38
9999938_00000_d_0000175.jpg,2,24,26
9999938_00000_d_0000176.jpg,6,34,40
9999938_00000_d_0000177.jpg,0,52,52
9999938_00000_d_0000178.jpg,0,58,58
9999938_00000_d_0000179.jpg,0,82,82
9999938_00000_d_0000180.jpg,2,65,67
9999938_00000_d_0000181.jpg,6,41,47
9999938_00000_d_0000182.jpg,10,33,43
9999938_00000_d_0000183.jpg,3,30,33
9999938_00000_d_0000184.jpg,7,30,37
9999938_00000_d_0000185.jpg,5,36,41
9999938_00000_d_0000186.jpg,6,19,25
9999938_00000_d_0000187.jpg,2,23,25
9999938_00000_d_0000188.jpg,0,61,61
9999938_00000_d_0000189.jpg,0,54,54
9999938_00000_d_0000190.jpg,1,28,29
9999938_00000_d_0000191.jpg,1,31,32
9999938_00000_d_0000192.jpg,2,42,44
9999938_00000_d_0000193.jpg,0,37,37
9999938_00000_d_0000194.jpg,1,21,22
9999938_00000_d_0000195.jpg,0,39,39
9999938_00000_d_0000196.jpg,2,19,21
9999938_00000_d_0000197.jpg,1,42,43
9999938_00000_d_0000198.jpg,0,24,24
9999938_00000_d_0000199.jpg,1,17,18
9999938_00000_d_0000200.jpg,4,36,40
9999938_00000_d_0000201.jpg,0,13,13
9999938_00000_d_0000202.jpg,4,6,10
9999938_00000_d_0000203.jpg,0,38,38
9999938_00000_d_0000204.jpg,0,18,18
9999938_00000_d_0000205.jpg,36,26,62
9999938_00000_d_0000206.jpg,8,22,30
9999938_00000_d_0000207.jpg,81,36,117
9999938_00000_d_0000208.jpg,56,53,109
9999938_00000_d_0000209.jpg,59,23,82
9999938_00000_d_0000210.jpg,79,55,134
9999938_00000_d_0000211.jpg,10,54,64
9999938_00000_d_0000212.jpg,53,80,133
9999938_00000_d_0000213.jpg,109,26,135
9999938_00000_d_0000214.jpg,8,47,55
9999938_00000_d_0000215.jpg,5,58,63
9999938_00000_d_0000216.jpg,62,57,119
9999938_00000_d_0000217.jpg,96,34,130
9999938_00000_d_0000218.jpg,17,41,58
9999938_00000_d_0000219.jpg,1,52,53
9999938_00000_d_0000220.jpg,14,10,24
9999938_00000_d_0000221.jpg,1,11,12
9999938_00000_d_0000222.jpg,0,28,28
9999938_00000_d_0000223.jpg,0,30,30
9999938_00000_d_0000224.jpg,0,26,26
9999938_00000_d_0000225.jpg,1,26,27
9999938_00000_d_0000226.jpg,1,31,32
9999938_00000_d_0000227.jpg,2,47,49
9999938_00000_d_0000228.jpg,1,74,75
9999938_00000_d_0000229.jpg,0,21,21
9999938_00000_d_0000230.jpg,0,35,35
9999938_00000_d_0000231.jpg,1,61,62
9999938_00000_d_0000232.jpg,0,63,63
9999938_00000_d_0000233.jpg,0,43,43
9999938_00000_d_0000234.jpg,1,68,69
9999938_00000_d_0000235.jpg,0,44,44
9999938_00000_d_0000236.jpg,0,48,48
9999938_00000_d_0000237.jpg,0,38,38
9999938_00000_d_0000238.jpg,0,18,18
9999938_00000_d_0000239.jpg,4,39,43
9999938_00000_d_0000240.jpg,0,27,27
9999938_00000_d_0000241.jpg,0,17,17
9999938_00000_d_0000242.jpg,0,27,27
9999938_00000_d_0000243.jpg,0,23,23
9999938_00000_d_0000244.jpg,1,35,36
9999938_00000_d_0000245.jpg,0,45,45
9999938_00000_d_0000246.jpg,2,21,23
9999938_00000_d_0000247.jpg,0,2,2
9999938_00000_d_0000248.jpg,0,31,31
9999938_00000_d_0000249.jpg,0,27,27
9999938_00000_d_0000250.jpg,0,24,24
9999938_00000_d_0000251.jpg,0,21,21
9999938_00000_d_0000252.jpg,0,16,16
9999938_00000_d_0000253.jpg,17,14,31
9999938_00000_d_0000254.jpg,52,0,52
9999938_00000_d_0000255.jpg,7,4,11
9999938_00000_d_0000256.jpg,40,7,47
9999938_00000_d_0000257.jpg,16,18,34
9999938_00000_d_0000258.jpg,13,20,33
9999938_00000_d_0000259.jpg,1,28,29
9999938_00000_d_0000260.jpg,3,20,23
9999938_00000_d_0000261.jpg,1,13,14
9999938_00000_d_0000262.jpg,6,9,15
9999938_00000_d_0000263.jpg,4,9,13
9999938_00000_d_0000264.jpg,0,10,10
9999938_00000_d_0000265.jpg,8,19,27
9999938_00000_d_0000266.jpg,3,15,18
9999938_00000_d_0000267.jpg,0,22,22
9999938_00000_d_0000268.jpg,3,32,35
9999938_00000_d_0000269.jpg,2,20,22
9999938_00000_d_0000270.jpg,0,20,20
9999938_00000_d_0000271.jpg,0,31,31
9999938_00000_d_0000272.jpg,0,18,18
9999938_00000_d_0000273.jpg,0,32,32
9999938_00000_d_0000274.jpg,0,34,34
9999938_00000_d_0000275.jpg,0,22,22
9999938_00000_d_0000276.jpg,0,22,22
9999938_00000_d_0000277.jpg,0,24,24
9999938_00000_d_0000278.jpg,0,38,38
9999938_00000_d_0000279.jpg,0,27,27
9999938_00000_d_0000280.jpg,0,27,27
9999938_00000_d_0000281.jpg,0,47,47
9999938_00000_d_0000282.jpg,2,37,39
9999938_00000_d_0000283.jpg,1,41,42
9999938_00000_d_0000284.jpg,0,38,38
9999938_00000_d_0000285.jpg,0,24,24
9999938_00000_d_0000286.jpg,0,17,17
9999938_00000_d_0000287.jpg,0,30,30
9999938_00000_d_0000288.jpg,0,31,31
9999938_00000_d_0000289.jpg,0,39,39
9999938_00000_d_0000290.jpg,0,36,36
9999938_00000_d_0000291.jpg,0,19,19
9999938_00000_d_0000292.jpg,3,16,19
9999938_00000_d_0000293.jpg,0,30,30
9999938_00000_d_0000294.jpg,0,16,16
9999938_00000_d_0000295.jpg,0,18,18
9999938_00000_d_0000296.jpg,0,14,14
9999938_00000_d_0000297.jpg,0,11,11
9999938_00000_d_0000298.jpg,0,35,35
9999938_00000_d_0000299.jpg,0,24,24
9999938_00000_d_0000300.jpg,5,47,52
9999938_00000_d_0000301.jpg,17,15,32
9999938_00000_d_0000302.jpg,0,21,21
9999938_00000_d_0000303.jpg,1,12,13
9999938_00000_d_0000304.jpg,4,12,16
9999938_00000_d_0000305.jpg,3,8,11
9999938_00000_d_0000306.jpg,2,10,12
9999938_00000_d_0000307.jpg,0,9,9
9999938_00000_d_0000308.jpg,0,6,6
9999938_00000_d_0000309.jpg,0,5,5
9999938_00000_d_0000310.jpg,10,22,32
9999938_00000_d_0000311.jpg,16,29,45
9999938_00000_d_0000312.jpg,12,14,26
9999938_00000_d_0000313.jpg,12,23,35
9999938_00000_d_0000314.jpg,14,9,23
9999938_00000_d_0000315.jpg,2,9,11
9999938_00000_d_0000316.jpg,0,9,9
9999938_00000_d_0000317.jpg,1,12,13
9999938_00000_d_0000318.jpg,1,10,11
9999938_00000_d_0000319.jpg,3,11,14
9999938_00000_d_0000320.jpg,2,6,8
9999938_00000_d_0000321.jpg,0,9,9
9999938_00000_d_0000322.jpg,3,7,10
9999938_00000_d_0000323.jpg,20,13,33
9999938_00000_d_0000324.jpg,27,25,52
9999938_00000_d_0000325.jpg,23,23,46
9999938_00000_d_0000326.jpg,10,24,34
9999938_00000_d_0000327.jpg,30,18,48
9999938_00000_d_0000328.jpg,16,9,25
9999938_00000_d_0000329.jpg,2,6,8
9999938_00000_d_0000330.jpg,10,11,21
9999938_00000_d_0000331.jpg,0,6,6
9999938_00000_d_0000332.jpg,31,14,45
9999938_00000_d_0000333.jpg,1,5,6
9999938_00000_d_0000334.jpg,0,18,18
9999938_00000_d_0000335.jpg,2,13,15
9999938_00000_d_0000336.jpg,0,17,17
9999938_00000_d_0000337.jpg,5,30,35
9999938_00000_d_0000338.jpg,1,14,15
9999938_00000_d_0000339.jpg,5,10,15
9999938_00000_d_0000340.jpg,0,12,12
9999938_00000_d_0000341.jpg,0,13,13
9999938_00000_d_0000342.jpg,3,14,17
9999938_00000_d_0000343.jpg,4,8,12
9999938_00000_d_0000344.jpg,2,14,16
9999938_00000_d_0000345.jpg,1,31,32
9999938_00000_d_0000346.jpg,6,11,17
9999938_00000_d_0000347.jpg,3,4,7
9999938_00000_d_0000348.jpg,4,10,14
9999938_00000_d_0000349.jpg,1,16,17
9999938_00000_d_0000350.jpg,0,33,33
9999938_00000_d_0000351.jpg,0,16,16
9999938_00000_d_0000352.jpg,1,29,30
9999938_00000_d_0000353.jpg,0,28,28
9999938_00000_d_0000354.jpg,0,21,21
9999938_00000_d_0000355.jpg,2,41,43
9999938_00000_d_0000356.jpg,1,31,32
9999938_00000_d_0000357.jpg,0,26,26
9999938_00000_d_0000358.jpg,0,40,40
9999938_00000_d_0000359.jpg,0,16,16
9999938_00000_d_0000360.jpg,1,19,20
9999938_00000_d_0000361.jpg,0,30,30
9999938_00000_d_0000362.jpg,0,25,25
9999938_00000_d_0000363.jpg,0,41,41
9999938_00000_d_0000364.jpg,0,20,20
9999938_00000_d_0000365.jpg,2,20,22
9999938_00000_d_0000366.jpg,0,12,12
9999938_00000_d_0000367.jpg,0,20,20
9999938_00000_d_0000368.jpg,1,21,22
9999938_00000_d_0000369.jpg,3,36,39
9999938_00000_d_0000370.jpg,0,29,29
9999938_00000_d_0000371.jpg,0,30,30
9999938_00000_d_0000372.jpg,0,35,35
9999938_00000_d_0000373.jpg,0,57,57
9999938_00000_d_0000374.jpg,0,66,66
9999938_00000_d_0000375.jpg,0,51,51
9999938_00000_d_0000376.jpg,0,58,58
9999938_00000_d_0000377.jpg,0,36,36
9999938_00000_d_0000378.jpg,0,53,53
9999938_00000_d_0000379.jpg,0,57,57
9999938_00000_d_0000380.jpg,0,47,47
9999938_00000_d_0000381.jpg,2,31,33
9999938_00000_d_0000382.jpg,0,34,34
9999938_00000_d_0000383.jpg,0,49,49
9999938_00000_d_0000384.jpg,0,49,49
9999938_00000_d_0000385.jpg,0,29,29
9999938_00000_d_0000386.jpg,0,51,51
9999938_00000_d_0000387.jpg,0,38,38
9999938_00000_d_0000388.jpg,0,22,22
9999938_00000_d_0000389.jpg,0,36,36
9999938_00000_d_0000390.jpg,0,42,42
9999938_00000_d_0000391.jpg,0,39,39
9999938_00000_d_0000392.jpg,0,28,28
9999938_00000_d_0000393.jpg,0,43,43
9999938_00000_d_0000394.jpg,0,26,26
9999938_00000_d_0000395.jpg,0,38,38
9999938_00000_d_0000396.jpg,0,39,39
9999938_00000_d_0000397.jpg,0,34,34
9999938_00000_d_0000398.jpg,1,23,24
9999938_00000_d_0000399.jpg,0,3,3
9999938_00000_d_0000400.jpg,0,47,47
9999938_00000_d_0000401.jpg,0,31,31
9999938_00000_d_0000402.jpg,0,38,38
9999938_00000_d_0000403.jpg,0,22,22
9999938_00000_d_0000404.jpg,0,35,35
9999938_00000_d_0000405.jpg,0,19,19
9999938_00000_d_0000406.jpg,0,10,10
9999938_00000_d_0000407.jpg,0,24,24
9999938_00000_d_0000408.jpg,1,25,26
9999938_00000_d_0000409.jpg,1,18,19
9999938_00000_d_0000410.jpg,0,14,14
9999938_00000_d_0000411.jpg,0,16,16
9999938_00000_d_0000412.jpg,0,14,14
9999938_00000_d_0000413.jpg,0,17,17
9999938_00000_d_0000414.jpg,0,28,28
9999938_00000_d_0000415.jpg,0,23,23
9999938_00000_d_0000416.jpg,0,17,17
9999938_00000_d_0000417.jpg,0,10,10
9999938_00000_d_0000418.jpg,0,14,14
9999938_00000_d_0000419.jpg,0,11,11
9999938_00000_d_0000420.jpg,0,13,13
9999938_00000_d_0000421.jpg,0,15,15
9999938_00000_d_0000422.jpg,0,27,27
9999938_00000_d_0000423.jpg,0,26,26
9999938_00000_d_0000424.jpg,0,17,17
9999938_00000_d_0000425.jpg,0,29,29
9999938_00000_d_0000426.jpg,1,23,24
9999938_00000_d_0000427.jpg,0,38,38
9999938_00000_d_0000428.jpg,0,26,26
9999938_00000_d_0000429.jpg,0,20,20
9999938_00000_d_0000430.jpg,0,33,33
9999938_00000_d_0000431.jpg,0,27,27
9999938_00000_d_0000432.jpg,0,23,23
9999938_00000_d_0000433.jpg,0,8,8
9999938_00000_d_0000434.jpg,0,14,14
9999938_00000_d_0000435.jpg,0,16,16
9999938_00000_d_0000436.jpg,3,16,19
9999938_00000_d_0000437.jpg,0,42,42
9999938_00000_d_0000438.jpg,0,8,8
9999938_00000_d_0000439.jpg,2,13,15
9999938_00000_d_0000440.jpg,3,5,8
9999938_00000_d_0000441.jpg,1,9,10
9999938_00000_d_0000442.jpg,0,11,11
9999938_00000_d_0000443.jpg,0,11,11
9999938_00000_d_0000444.jpg,0,22,22
9999938_00000_d_0000445.jpg,0,18,18
9999938_00000_d_0000446.jpg,0,24,24
9999938_00000_d_0000447.jpg,0,30,30
9999938_00000_d_0000448.jpg,0,12,12
9999938_00000_d_0000449.jpg,0,7,7
9999938_00000_d_0000450.jpg,0,6,6
9999938_00000_d_0000451.jpg,0,12,12
9999938_00000_d_0000452.jpg,0,16,16
9999938_00000_d_0000453.jpg,0,22,22
9999938_00000_d_0000454.jpg,0,14,14
9999938_00000_d_0000455.jpg,0,13,13
9999938_00000_d_0000456.jpg,1,14,15
9999938_00000_d_0000457.jpg,0,45,45
9999938_00000_d_0000458.jpg,0,13,13
9999938_00000_d_0000459.jpg,0,22,22
9999938_00000_d_0000460.jpg,1,17,18
9999938_00000_d_0000461.jpg,2,17,19
9999938_00000_d_0000462.jpg,1,16,17
9999938_00000_d_0000463.jpg,0,13,13
9999938_00000_d_0000464.jpg,1,30,31
9999938_00000_d_0000465.jpg,2,16,18
9999938_00000_d_0000466.jpg,0,14,14
9999938_00000_d_0000467.jpg,0,12,12
9999938_00000_d_0000468.jpg,0,15,15
9999938_00000_d_0000469.jpg,4,14,18
9999938_00000_d_0000470.jpg,2,24,26
9999938_00000_d_0000471.jpg,1,30,31
9999938_00000_d_0000472.jpg,0,32,32
9999938_00000_d_0000473.jpg,1,17,18
9999938_00000_d_0000474.jpg,0,24,24
9999938_00000_d_0000475.jpg,1,30,31
9999938_00000_d_0000476.jpg,0,19,19
9999938_00000_d_0000477.jpg,0,15,15
9999938_00000_d_0000478.jpg,0,12,12
9999938_00000_d_0000479.jpg,0,19,19
9999938_00000_d_0000480.jpg,0,29,29
9999938_00000_d_0000481.jpg,0,17,17
9999938_00000_d_0000482.jpg,0,21,21
9999938_00000_d_0000483.jpg,0,14,14
9999938_00000_d_0000484.jpg,0,16,16
9999938_00000_d_0000485.jpg,0,15,15
9999938_00000_d_0000486.jpg,0,16,16
9999938_00000_d_0000487.jpg,0,18,18
9999938_00000_d_0000488.jpg,4,13,17
9999938_00000_d_0000489.jpg,0,12,12
9999938_00000_d_0000490.jpg,0,28,28
9999938_00000_d_0000491.jpg,0,21,21
9999938_00000_d_0000492.jpg,2,31,33
9999938_00000_d_0000493.jpg,0,37,37
9999938_00000_d_0000494.jpg,0,83,83
9999938_00000_d_0000495.jpg,0,12,12
9999938_00000_d_0000496.jpg,0,29,29
9999938_00000_d_0000497.jpg,0,41,41
9999938_00000_d_0000498.jpg,0,30,30
9999938_00000_d_0000499.jpg,0,22,22
9999938_00000_d_0000500.jpg,1,15,16
9999938_00000_d_0000501.jpg,0,9,9
9999938_00000_d_0000502.jpg,0,22,22
9999938_00000_d_0000503.jpg,3,13,16
9999938_00000_d_0000504.jpg,0,12,12
9999938_00000_d_0000505.jpg,0,6,6
9999938_00000_d_0000506.jpg,0,11,11
9999938_00000_d_0000507.jpg,0,12,12
9999938_00000_d_0000508.jpg,1,16,17
9999938_00000_d_0000509.jpg,0,13,13
9999938_00000_d_0000510.jpg,0,12,12
9999938_00000_d_0000511.jpg,0,7,7
9999938_00000_d_0000512.jpg,0,9,9
9999938_00000_d_0000513.jpg,0,9,9
9999938_00000_d_0000514.jpg,0,10,10
9999938_00000_d_0000515.jpg,1,6,7
9999938_00000_d_0000516.jpg,3,4,7
9999941_00000_d_0000001.jpg,1,24,25
9999941_00000_d_0000002.jpg,0,20,20
9999941_00000_d_0000003.jpg,2,15,17
9999941_00000_d_0000004.jpg,0,25,25
9999941_00000_d_0000005.jpg,0,15,15
9999941_00000_d_0000006.jpg,2,1,3
9999941_00000_d_0000007.jpg,2,21,23
9999941_00000_d_0000008.jpg,0,12,12
9999941_00000_d_0000009.jpg,8,3,11
9999941_00000_d_0000010.jpg,7,4,11
9999941_00000_d_0000011.jpg,0,14,14
9999941_00000_d_0000012.jpg,1,5,6
9999941_00000_d_0000013.jpg,1,8,9
9999941_00000_d_0000014.jpg,0,6,6
9999941_00000_d_0000015.jpg,14,6,20
9999941_00000_d_0000016.jpg,24,0,24
9999941_00000_d_0000017.jpg,8,0,8
9999941_00000_d_0000018.jpg,9,2,11
9999941_00000_d_0000019.jpg,4,11,15
9999941_00000_d_0000020.jpg,0,8,8
9999941_00000_d_0000021.jpg,0,33,33
9999941_00000_d_0000022.jpg,5,0,5
9999941_00000_d_0000023.jpg,4,44,48
9999941_00000_d_0000024.jpg,0,9,9
9999941_00000_d_0000025.jpg,2,9,11
9999941_00000_d_0000026.jpg,2,3,5
9999941_00000_d_0000027.jpg,8,7,15
9999941_00000_d_0000028.jpg,1,11,12
9999941_00000_d_0000029.jpg,0,4,4
9999941_00000_d_0000030.jpg,2,9,11
9999941_00000_d_0000031.jpg,2,16,18
9999941_00000_d_0000032.jpg,1,7,8
9999941_00000_d_0000033.jpg,1,9,10
9999941_00000_d_0000034.jpg,4,11,15
9999941_00000_d_0000035.jpg,2,19,21
9999944_00000_d_0000001.jpg,0,5,5
9999944_00000_d_0000002.jpg,0,11,11
9999944_00000_d_0000003.jpg,12,3,15
9999944_00000_d_0000004.jpg,12,0,12
9999947_00000_d_0000001.jpg,47,1,48
9999947_00000_d_0000002.jpg,38,0,38
9999947_00000_d_0000003.jpg,29,27,56
9999947_00000_d_0000004.jpg,24,9,33
9999947_00000_d_0000005.jpg,20,32,52
9999947_00000_d_0000006.jpg,23,10,33
9999947_00000_d_0000007.jpg,21,52,73
9999947_00000_d_0000008.jpg,25,21,46
9999947_00000_d_0000009.jpg,18,14,32
9999947_00000_d_0000010.jpg,20,29,49
9999947_00000_d_0000011.jpg,18,33,51
9999947_00000_d_0000012.jpg,19,21,40
9999947_00000_d_0000013.jpg,11,34,45
9999947_00000_d_0000014.jpg,6,69,75
9999947_00000_d_0000015.jpg,7,18,25
9999947_00000_d_0000016.jpg,9,55,64
9999947_00000_d_0000017.jpg,12,10,22
9999947_00000_d_0000018.jpg,20,13,33
9999947_00000_d_0000019.jpg,16,48,64
9999947_00000_d_0000020.jpg,24,49,73
9999947_00000_d_0000021.jpg,26,55,81
9999947_00000_d_0000022.jpg,16,16,32
9999947_00000_d_0000023.jpg,21,28,49
9999947_00000_d_0000024.jpg,25,35,60
9999947_00000_d_0000025.jpg,38,33,71
9999947_00000_d_0000026.jpg,47,7,54
9999947_00000_d_0000027.jpg,41,0,41
9999952_00000_d_0000001.jpg,8,18,26
9999952_00000_d_0000002.jpg,10,36,46
9999952_00000_d_0000003.jpg,4,36,40
9999952_00000_d_0000004.jpg,9,31,40
9999952_00000_d_0000005.jpg,4,8,12
9999952_00000_d_0000006.jpg,2,9,11
9999952_00000_d_0000007.jpg,1,24,25
9999952_00000_d_0000008.jpg,3,34,37
9999952_00000_d_0000009.jpg,10,20,30
9999952_00000_d_0000010.jpg,6,11,17
9999952_00000_d_0000011.jpg,4,4,8
9999952_00000_d_0000012.jpg,14,12,26
9999952_00000_d_0000013.jpg,3,26,29
9999952_00000_d_0000014.jpg,11,44,55
9999952_00000_d_0000015.jpg,8,9,17
9999952_00000_d_0000016.jpg,0,7,7
9999952_00000_d_0000017.jpg,0,6,6
9999952_00000_d_0000018.jpg,1,21,22
9999952_00000_d_0000019.jpg,1,34,35
9999952_00000_d_0000020.jpg,1,21,22
9999952_00000_d_0000021.jpg,0,28,28
9999952_00000_d_0000022.jpg,2,8,10
9999952_00000_d_0000023.jpg,0,22,22
9999952_00000_d_0000024.jpg,0,23,23
9999952_00000_d_0000025.jpg,0,18,18
9999952_00000_d_0000026.jpg,1,7,8
9999952_00000_d_0000027.jpg,0,1,1
9999952_00000_d_0000028.jpg,0,5,5
9999952_00000_d_0000029.jpg,0,14,14
9999952_00000_d_0000030.jpg,1,12,13
9999952_00000_d_0000031.jpg,0,19,19
9999952_00000_d_0000032.jpg,0,14,14
9999952_00000_d_0000033.jpg,0,11,11
9999952_00000_d_0000034.jpg,0,15,15
9999952_00000_d_0000035.jpg,0,26,26
9999952_00000_d_0000036.jpg,1,17,18
9999952_00000_d_0000037.jpg,1,3,4
9999952_00000_d_0000038.jpg,0,10,10
9999952_00000_d_0000039.jpg,0,22,22
9999952_00000_d_0000040.jpg,0,26,26
9999952_00000_d_0000041.jpg,0,20,20
9999952_00000_d_0000042.jpg,0,46,46
9999952_00000_d_0000043.jpg,0,31,31
9999952_00000_d_0000044.jpg,0,59,59
9999952_00000_d_0000045.jpg,0,33,33
9999952_00000_d_0000046.jpg,0,42,42
9999952_00000_d_0000047.jpg,1,58,59
9999952_00000_d_0000048.jpg,2,56,58
9999952_00000_d_0000049.jpg,1,15,16
9999952_00000_d_0000050.jpg,7,14,21
9999952_00000_d_0000051.jpg,1,28,29
9999952_00000_d_0000052.jpg,0,35,35
9999952_00000_d_0000053.jpg,0,7,7
9999952_00000_d_0000054.jpg,0,7,7
9999952_00000_d_0000055.jpg,0,7,7
9999952_00000_d_0000056.jpg,0,15,15
9999952_00000_d_0000057.jpg,0,4,4
9999952_00000_d_0000058.jpg,0,18,18
9999952_00000_d_0000059.jpg,0,20,20
9999952_00000_d_0000060.jpg,0,12,12
9999952_00000_d_0000061.jpg,0,13,13
9999952_00000_d_0000062.jpg,0,21,21
9999952_00000_d_0000063.jpg,0,19,19
9999952_00000_d_0000064.jpg,0,16,16
9999952_00000_d_0000065.jpg,0,11,11
9999952_00000_d_0000066.jpg,0,21,21
9999952_00000_d_0000067.jpg,0,7,7
9999952_00000_d_0000068.jpg,1,15,16
9999952_00000_d_0000069.jpg,0,16,16
9999952_00000_d_0000070.jpg,0,9,9
9999952_00000_d_0000071.jpg,2,59,61
9999952_00000_d_0000072.jpg,8,69,77
9999952_00000_d_0000073.jpg,5,37,42
9999952_00000_d_0000074.jpg,0,63,63
9999952_00000_d_0000075.jpg,0,68,68
9999952_00000_d_0000076.jpg,0,10,10
9999952_00000_d_0000077.jpg,0,8,8
9999952_00000_d_0000078.jpg,0,14,14
9999952_00000_d_0000079.jpg,0,15,15
9999952_00000_d_0000080.jpg,0,24,24
9999952_00000_d_0000081.jpg,0,32,32
9999952_00000_d_0000082.jpg,0,26,26
9999952_00000_d_0000083.jpg,1,11,12
9999952_00000_d_0000084.jpg,0,13,13
9999952_00000_d_0000085.jpg,0,15,15
9999952_00000_d_0000086.jpg,0,20,20
9999952_00000_d_0000087.jpg,1,10,11
9999952_00000_d_0000088.jpg,0,35,35
9999952_00000_d_0000089.jpg,0,25,25
9999952_00000_d_0000090.jpg,0,11,11
9999952_00000_d_0000091.jpg,0,19,19
9999952_00000_d_0000092.jpg,0,34,34
9999952_00000_d_0000093.jpg,0,23,23
9999952_00000_d_0000094.jpg,1,17,18
9999952_00000_d_0000095.jpg,0,12,12
9999952_00000_d_0000096.jpg,0,14,14
9999952_00000_d_0000097.jpg,0,15,15
9999952_00000_d_0000098.jpg,0,16,16
9999952_00000_d_0000099.jpg,2,16,18
9999952_00000_d_0000100.jpg,0,9,9
9999952_00000_d_0000101.jpg,0,25,25
9999952_00000_d_0000102.jpg,0,27,27
9999952_00000_d_0000103.jpg,4,12,16
9999952_00000_d_0000104.jpg,0,7,7
9999952_00000_d_0000105.jpg,2,18,20
9999952_00000_d_0000106.jpg,0,3,3
9999952_00000_d_0000107.jpg,2,2,4
9999952_00000_d_0000108.jpg,0,7,7
9999952_00000_d_0000109.jpg,1,5,6
9999952_00000_d_0000110.jpg,2,9,11
9999952_00000_d_0000111.jpg,0,29,29
9999952_00000_d_0000112.jpg,3,44,47
9999952_00000_d_0000113.jpg,0,28,28
9999952_00000_d_0000114.jpg,2,4,6
9999952_00000_d_0000115.jpg,1,9,10
9999952_00000_d_0000116.jpg,1,7,8
9999952_00000_d_0000117.jpg,0,8,8
9999952_00000_d_0000118.jpg,0,12,12
9999952_00000_d_0000119.jpg,0,34,34
9999952_00000_d_0000120.jpg,2,8,10
9999952_00000_d_0000121.jpg,0,14,14
9999952_00000_d_0000122.jpg,0,17,17
9999952_00000_d_0000123.jpg,1,6,7
9999952_00000_d_0000124.jpg,0,18,18
9999952_00000_d_0000125.jpg,0,6,6
9999952_00000_d_0000126.jpg,0,5,5
9999952_00000_d_0000127.jpg,0,11,11
9999952_00000_d_0000128.jpg,1,14,15
9999952_00000_d_0000129.jpg,0,6,6
9999952_00000_d_0000130.jpg,0,8,8
9999952_00000_d_0000131.jpg,0,15,15
9999952_00000_d_0000132.jpg,0,18,18
9999952_00000_d_0000133.jpg,0,60,60
9999952_00000_d_0000134.jpg,5,29,34
9999952_00000_d_0000135.jpg,3,24,27
9999952_00000_d_0000136.jpg,5,15,20
9999952_00000_d_0000137.jpg,0,8,8
9999952_00000_d_0000138.jpg,0,13,13
9999952_00000_d_0000139.jpg,0,31,31
9999952_00000_d_0000140.jpg,0,14,14
9999952_00000_d_0000141.jpg,0,48,48
9999952_00000_d_0000142.jpg,0,9,9
9999952_00000_d_0000143.jpg,2,46,48
9999952_00000_d_0000144.jpg,0,51,51
9999952_00000_d_0000145.jpg,1,54,55
9999952_00000_d_0000146.jpg,0,4,4
9999952_00000_d_0000147.jpg,0,18,18
9999952_00000_d_0000148.jpg,0,36,36
9999952_00000_d_0000149.jpg,0,51,51
9999952_00000_d_0000150.jpg,0,38,38
9999952_00000_d_0000151.jpg,1,30,31
9999952_00000_d_0000152.jpg,1,44,45
9999952_00000_d_0000153.jpg,0,49,49
9999952_00000_d_0000154.jpg,0,24,24
9999952_00000_d_0000155.jpg,0,8,8
9999952_00000_d_0000156.jpg,2,33,35
9999952_00000_d_0000157.jpg,0,38,38
9999952_00000_d_0000158.jpg,1,27,28
9999952_00000_d_0000159.jpg,1,11,12
9999952_00000_d_0000160.jpg,0,40,40
9999952_00000_d_0000161.jpg,0,13,13
9999952_00000_d_0000162.jpg,0,17,17
9999952_00000_d_0000163.jpg,3,28,31
9999952_00000_d_0000164.jpg,0,26,26
9999952_00000_d_0000165.jpg,6,12,18
9999952_00000_d_0000166.jpg,0,9,9
9999952_00000_d_0000167.jpg,0,6,6
9999952_00000_d_0000168.jpg,1,8,9
9999952_00000_d_0000169.jpg,2,11,13
9999952_00000_d_0000170.jpg,7,21,28
9999952_00000_d_0000171.jpg,0,10,10
9999952_00000_d_0000172.jpg,0,19,19
9999952_00000_d_0000173.jpg,0,8,8
9999952_00000_d_0000174.jpg,0,14,14
9999952_00000_d_0000175.jpg,0,7,7
9999952_00000_d_0000176.jpg,0,9,9
9999952_00000_d_0000177.jpg,0,6,6
9999952_00000_d_0000178.jpg,0,12,12
9999952_00000_d_0000179.jpg,0,9,9
9999952_00000_d_0000180.jpg,0,6,6
9999952_00000_d_0000181.jpg,0,7,7
9999952_00000_d_0000182.jpg,0,6,6
9999952_00000_d_0000183.jpg,0,4,4
9999952_00000_d_0000184.jpg,0,3,3
9999952_00000_d_0000185.jpg,0,6,6
9999952_00000_d_0000186.jpg,0,7,7
9999952_00000_d_0000187.jpg,0,10,10
9999952_00000_d_0000188.jpg,0,7,7
9999952_00000_d_0000189.jpg,0,6,6
9999952_00000_d_0000190.jpg,0,8,8
9999952_00000_d_0000191.jpg,0,18,18
9999952_00000_d_0000192.jpg,0,10,10
9999952_00000_d_0000193.jpg,1,32,33
9999952_00000_d_0000194.jpg,0,6,6
9999952_00000_d_0000195.jpg,0,30,30
9999952_00000_d_0000196.jpg,0,31,31
9999952_00000_d_0000197.jpg,0,27,27
9999952_00000_d_0000198.jpg,0,23,23
9999952_00000_d_0000199.jpg,0,47,47
9999952_00000_d_0000200.jpg,0,5,5
9999952_00000_d_0000201.jpg,0,21,21
9999952_00000_d_0000202.jpg,0,23,23
9999952_00000_d_0000203.jpg,0,25,25
9999952_00000_d_0000204.jpg,0,14,14
9999952_00000_d_0000205.jpg,1,40,41
9999952_00000_d_0000206.jpg,0,12,12
9999952_00000_d_0000207.jpg,0,12,12
9999952_00000_d_0000208.jpg,1,9,10
9999952_00000_d_0000209.jpg,0,10,10
9999952_00000_d_0000210.jpg,0,8,8
9999952_00000_d_0000211.jpg,0,15,15
9999952_00000_d_0000212.jpg,0,5,5
9999952_00000_d_0000213.jpg,1,14,15
9999952_00000_d_0000214.jpg,0,29,29
9999952_00000_d_0000215.jpg,0,61,61
9999952_00000_d_0000216.jpg,2,14,16
9999952_00000_d_0000217.jpg,0,49,49
9999952_00000_d_0000218.jpg,0,9,9
9999952_00000_d_0000219.jpg,2,7,9
9999952_00000_d_0000220.jpg,0,14,14
9999952_00000_d_0000221.jpg,0,71,71
9999952_00000_d_0000222.jpg,0,4,4
9999952_00000_d_0000223.jpg,0,66,66
9999952_00000_d_0000224.jpg,0,8,8
9999952_00000_d_0000225.jpg,0,10,10
9999952_00000_d_0000226.jpg,0,11,11
9999952_00000_d_0000227.jpg,2,42,44
9999952_00000_d_0000228.jpg,0,3,3
9999952_00000_d_0000229.jpg,1,34,35
9999952_00000_d_0000230.jpg,2,30,32
9999952_00000_d_0000231.jpg,3,9,12
9999952_00000_d_0000232.jpg,5,29,34
9999952_00000_d_0000233.jpg,0,86,86
9999952_00000_d_0000234.jpg,4,14,18
9999952_00000_d_0000235.jpg,2,5,7
9999952_00000_d_0000236.jpg,1,31,32
9999952_00000_d_0000237.jpg,0,5,5
9999952_00000_d_0000238.jpg,0,31,31
9999952_00000_d_0000239.jpg,0,10,10
9999952_00000_d_0000240.jpg,0,8,8
9999952_00000_d_0000241.jpg,0,37,37
9999952_00000_d_0000242.jpg,0,15,15
9999952_00000_d_0000243.jpg,0,4,4
9999952_00000_d_0000244.jpg,1,5,6
9999952_00000_d_0000245.jpg,0,48,48
9999952_00000_d_0000246.jpg,0,5,5
9999952_00000_d_0000247.jpg,0,9,9
9999952_00000_d_0000248.jpg,0,2,2
9999952_00000_d_0000249.jpg,0,3,3
9999952_00000_d_0000250.jpg,0,4,4
9999952_00000_d_0000251.jpg,0,46,46
9999952_00000_d_0000252.jpg,1,6,7
9999952_00000_d_0000253.jpg,0,9,9
9999952_00000_d_0000254.jpg,0,4,4
9999952_00000_d_0000255.jpg,0,4,4
9999952_00000_d_0000256.jpg,0,38,38
9999952_00000_d_0000257.jpg,0,0,0
9999952_00000_d_0000258.jpg,0,27,27
9999952_00000_d_0000259.jpg,0,2,2
9999952_00000_d_0000260.jpg,0,4,4
9999952_00000_d_0000261.jpg,0,3,3
9999952_00000_d_0000262.jpg,0,30,30
9999952_00000_d_0000263.jpg,1,6,7
9999952_00000_d_0000264.jpg,0,27,27
9999952_00000_d_0000265.jpg,0,12,12
9999952_00000_d_0000266.jpg,0,4,4
9999952_00000_d_0000267.jpg,0,20,20
9999952_00000_d_0000268.jpg,2,3,5
9999952_00000_d_0000269.jpg,0,12,12
9999952_00000_d_0000270.jpg,0,49,49
9999952_00000_d_0000271.jpg,1,17,18
9999952_00000_d_0000272.jpg,1,5,6
9999952_00000_d_0000273.jpg,1,52,53
9999952_00000_d_0000274.jpg,0,32,32
9999952_00000_d_0000275.jpg,0,23,23
9999952_00000_d_0000276.jpg,0,35,35
9999952_00000_d_0000277.jpg,10,20,30
9999952_00000_d_0000278.jpg,0,2,2
9999952_00000_d_0000279.jpg,0,15,15
9999952_00000_d_0000280.jpg,3,9,12
9999952_00000_d_0000281.jpg,0,12,12
9999952_00000_d_0000282.jpg,0,20,20
9999952_00000_d_0000283.jpg,0,11,11
9999952_00000_d_0000284.jpg,0,11,11
9999952_00000_d_0000285.jpg,1,16,17
9999952_00000_d_0000286.jpg,0,14,14
9999952_00000_d_0000287.jpg,2,12,14
9999952_00000_d_0000288.jpg,1,40,41
9999952_00000_d_0000289.jpg,0,44,44
9999952_00000_d_0000290.jpg,1,9,10
9999952_00000_d_0000291.jpg,6,10,16
9999952_00000_d_0000292.jpg,3,57,60
9999952_00000_d_0000293.jpg,0,48,48
9999952_00000_d_0000294.jpg,1,45,46
9999952_00000_d_0000295.jpg,0,33,33
9999952_00000_d_0000296.jpg,2,18,20
9999952_00000_d_0000297.jpg,0,37,37
9999952_00000_d_0000298.jpg,2,43,45
9999952_00000_d_0000299.jpg,1,30,31
9999952_00000_d_0000300.jpg,0,25,25
9999952_00000_d_0000301.jpg,0,32,32
9999952_00000_d_0000302.jpg,0,35,35
9999952_00000_d_0000303.jpg,1,25,26
9999952_00000_d_0000304.jpg,0,39,39
9999952_00000_d_0000305.jpg,0,11,11
9999952_00000_d_0000306.jpg,0,7,7
9999952_00000_d_0000307.jpg,1,16,17
9999952_00000_d_0000308.jpg,0,18,18
9999952_00000_d_0000309.jpg,3,16,19
9999952_00000_d_0000310.jpg,2,10,12
9999952_00000_d_0000311.jpg,0,7,7
9999952_00000_d_0000312.jpg,1,10,11
9999952_00000_d_0000313.jpg,3,11,14
9999952_00000_d_0000314.jpg,0,4,4
9999952_00000_d_0000315.jpg,6,0,6
9999952_00000_d_0000316.jpg,0,15,15
9999952_00000_d_0000317.jpg,0,15,15
9999952_00000_d_0000318.jpg,5,12,17
9999952_00000_d_0000319.jpg,0,8,8
9999952_00000_d_0000320.jpg,6,1,7
9999952_00000_d_0000321.jpg,3,4,7
9999952_00000_d_0000322.jpg,5,14,19
9999952_00000_d_0000323.jpg,3,1,4
9999952_00000_d_0000324.jpg,16,13,29
9999952_00000_d_0000325.jpg,8,1,9
9999952_00000_d_0000326.jpg,10,8,18
9999952_00000_d_0000327.jpg,1,0,1
9999952_00000_d_0000328.jpg,1,10,11
9999952_00000_d_0000329.jpg,2,13,15
9999952_00000_d_0000330.jpg,1,7,8
9999952_00000_d_0000331.jpg,1,5,6
9999952_00000_d_0000332.jpg,2,15,17
9999952_00000_d_0000333.jpg,7,19,26
9999952_00000_d_0000334.jpg,5,9,14
9999952_00000_d_0000335.jpg,2,9,11
9999952_00000_d_0000336.jpg,3,4,7
9999952_00000_d_0000337.jpg,5,7,12
9999952_00000_d_0000338.jpg,0,2,2
9999952_00000_d_0000339.jpg,7,11,18
9999952_00000_d_0000340.jpg,1,12,13
9999952_00000_d_0000341.jpg,2,4,6
9999952_00000_d_0000342.jpg,2,8,10
9999952_00000_d_0000343.jpg,4,18,22
9999952_00000_d_0000344.jpg,7,9,16
9999952_00000_d_0000345.jpg,4,3,7
9999963_00000_d_0000001.jpg,3,22,25
9999963_00000_d_0000002.jpg,5,14,19
9999963_00000_d_0000003.jpg,2,16,18
9999963_00000_d_0000004.jpg,1,26,27
9999963_00000_d_0000005.jpg,3,14,17
9999963_00000_d_0000006.jpg,15,27,42
9999963_00000_d_0000007.jpg,8,16,24
9999963_00000_d_0000008.jpg,14,17,31
9999963_00000_d_0000009.jpg,7,19,26
9999963_00000_d_0000010.jpg,6,14,20
9999963_00000_d_0000011.jpg,6,20,26
9999963_00000_d_0000012.jpg,11,21,32
9999963_00000_d_0000013.jpg,10,28,38
9999963_00000_d_0000014.jpg,13,35,48
9999963_00000_d_0000015.jpg,4,16,20
9999963_00000_d_0000016.jpg,4,16,20
9999963_00000_d_0000017.jpg,4,15,19
9999963_00000_d_0000018.jpg,19,19,38
9999963_00000_d_0000019.jpg,1,13,14
9999963_00000_d_0000020.jpg,4,11,15
9999963_00000_d_0000021.jpg,4,14,18
9999963_00000_d_0000022.jpg,7,12,19
9999963_00000_d_0000023.jpg,20,18,38
9999963_00000_d_0000024.jpg,4,25,29
9999963_00000_d_0000025.jpg,25,17,42
9999963_00000_d_0000026.jpg,10,13,23
9999963_00000_d_0000027.jpg,4,20,24
9999963_00000_d_0000028.jpg,2,17,19
9999963_00000_d_0000029.jpg,11,13,24
9999963_00000_d_0000030.jpg,5,15,20
9999963_00000_d_0000031.jpg,5,24,29
9999963_00000_d_0000032.jpg,6,24,30
9999963_00000_d_0000033.jpg,2,13,15
9999963_00000_d_0000034.jpg,4,26,30
9999963_00000_d_0000035.jpg,14,19,33
9999963_00000_d_0000036.jpg,30,39,69
9999963_00000_d_0000037.jpg,39,42,81
9999963_00000_d_0000038.jpg,29,37,66
9999963_00000_d_0000039.jpg,14,27,41
9999963_00000_d_0000040.jpg,21,24,45
9999963_00000_d_0000041.jpg,10,30,40
9999963_00000_d_0000042.jpg,10,30,40
9999963_00000_d_0000043.jpg,8,13,21
9999963_00000_d_0000044.jpg,8,10,18
9999963_00000_d_0000045.jpg,7,8,15
9999963_00000_d_0000046.jpg,7,9,16
9999963_00000_d_0000047.jpg,10,10,20
9999963_00000_d_0000048.jpg,6,24,30
9999963_00000_d_0000049.jpg,7,15,22
9999963_00000_d_0000050.jpg,6,19,25
9999963_00000_d_0000051.jpg,39,25,64
9999963_00000_d_0000052.jpg,14,17,31
9999963_00000_d_0000053.jpg,21,16,37
9999963_00000_d_0000054.jpg,18,24,42
9999963_00000_d_0000055.jpg,8,26,34
9999963_00000_d_0000056.jpg,5,7,12
9999963_00000_d_0000057.jpg,5,27,32
9999963_00000_d_0000058.jpg,7,14,21
9999963_00000_d_0000059.jpg,5,33,38
9999963_00000_d_0000060.jpg,3,30,33
9999963_00000_d_0000061.jpg,2,13,15
9999963_00000_d_0000062.jpg,2,24,26
9999963_00000_d_0000063.jpg,2,20,22
9999963_00000_d_0000064.jpg,4,17,21
9999963_00000_d_0000065.jpg,4,26,30
9999963_00000_d_0000066.jpg,2,32,34
9999963_00000_d_0000067.jpg,4,16,20
9999963_00000_d_0000068.jpg,3,28,31
9999963_00000_d_0000069.jpg,2,26,28
9999963_00000_d_0000070.jpg,3,30,33
9999963_00000_d_0000071.jpg,2,20,22
9999963_00000_d_0000072.jpg,4,13,17
9999963_00000_d_0000073.jpg,0,14,14
9999963_00000_d_0000074.jpg,22,12,34
9999963_00000_d_0000075.jpg,13,22,35
9999963_00000_d_0000076.jpg,4,11,15
9999971_00000_d_0000001.jpg,11,0,11
9999973_00000_d_0000001.jpg,2,22,24
9999973_00000_d_0000002.jpg,2,17,19
9999973_00000_d_0000003.jpg,0,10,10
9999973_00000_d_0000004.jpg,2,14,16
9999973_00000_d_0000005.jpg,3,18,21
9999973_00000_d_0000006.jpg,0,10,10
9999973_00000_d_0000007.jpg,0,21,21
9999973_00000_d_0000008.jpg,0,16,16
9999973_00000_d_0000009.jpg,0,8,8
9999973_00000_d_0000010.jpg,0,19,19
9999973_00000_d_0000011.jpg,1,21,22
9999973_00000_d_0000012.jpg,2,32,34
9999973_00000_d_0000013.jpg,1,31,32
9999973_00000_d_0000014.jpg,0,10,10
9999973_00000_d_0000015.jpg,0,7,7
9999973_00000_d_0000016.jpg,0,13,13
9999973_00000_d_0000017.jpg,1,39,40
9999973_00000_d_0000018.jpg,0,21,21
9999973_00000_d_0000019.jpg,0,21,21
9999973_00000_d_0000020.jpg,1,12,13
9999973_00000_d_0000021.jpg,0,17,17
9999973_00000_d_0000022.jpg,1,18,19
9999973_00000_d_0000023.jpg,0,23,23
9999973_00000_d_0000024.jpg,1,30,31
9999973_00000_d_0000025.jpg,2,30,32
9999973_00000_d_0000026.jpg,1,5,6
9999973_00000_d_0000027.jpg,2,24,26
9999973_00000_d_0000028.jpg,1,44,45
9999973_00000_d_0000029.jpg,4,37,41
9999973_00000_d_0000030.jpg,4,30,34
9999973_00000_d_0000031.jpg,0,19,19
9999973_00000_d_0000032.jpg,1,21,22
9999973_00000_d_0000033.jpg,0,22,22
9999973_00000_d_0000034.jpg,1,25,26
9999973_00000_d_0000035.jpg,1,38,39
9999973_00000_d_0000036.jpg,1,22,23
9999973_00000_d_0000037.jpg,2,24,26
9999973_00000_d_0000038.jpg,0,14,14
9999973_00000_d_0000039.jpg,0,36,36
9999973_00000_d_0000040.jpg,0,34,34
9999973_00000_d_0000041.jpg,0,22,22
9999973_00000_d_0000042.jpg,4,34,38
9999973_00000_d_0000043.jpg,1,48,49
9999973_00000_d_0000044.jpg,0,9,9
9999973_00000_d_0000045.jpg,1,16,17
9999973_00000_d_0000046.jpg,0,5,5
9999973_00000_d_0000047.jpg,2,23,25
9999973_00000_d_0000048.jpg,0,23,23
9999973_00000_d_0000049.jpg,0,19,19
9999973_00000_d_0000050.jpg,0,43,43
9999973_00000_d_0000051.jpg,3,20,23
9999973_00000_d_0000052.jpg,0,10,10
9999973_00000_d_0000053.jpg,0,17,17
9999973_00000_d_0000054.jpg,0,13,13
9999973_00000_d_0000055.jpg,2,10,12
9999973_00000_d_0000056.jpg,0,9,9
9999973_00000_d_0000057.jpg,2,36,38
9999973_00000_d_0000058.jpg,0,38,38
9999973_00000_d_0000059.jpg,1,33,34
9999973_00000_d_0000060.jpg,4,20,24
9999973_00000_d_0000061.jpg,1,30,31
9999973_00000_d_0000062.jpg,1,29,30
9999973_00000_d_0000063.jpg,1,31,32
9999973_00000_d_0000064.jpg,0,35,35
9999973_00000_d_0000065.jpg,0,28,28
9999973_00000_d_0000066.jpg,0,34,34
9999973_00000_d_0000067.jpg,1,34,35
9999973_00000_d_0000068.jpg,0,22,22
9999973_00000_d_0000069.jpg,0,42,42
9999973_00000_d_0000070.jpg,0,10,10
9999973_00000_d_0000071.jpg,1,30,31
9999973_00000_d_0000072.jpg,3,29,32
9999973_00000_d_0000073.jpg,3,37,40
9999973_00000_d_0000074.jpg,1,23,24
9999973_00000_d_0000075.jpg,0,37,37
9999973_00000_d_0000076.jpg,1,40,41
9999973_00000_d_0000077.jpg,5,29,34
9999973_00000_d_0000078.jpg,2,15,17
9999973_00000_d_0000079.jpg,2,39,41
9999973_00000_d_0000080.jpg,3,26,29
9999973_00000_d_0000081.jpg,3,33,36
9999973_00000_d_0000082.jpg,1,29,30
9999973_00000_d_0000083.jpg,3,43,46
9999973_00000_d_0000084.jpg,4,42,46
9999973_00000_d_0000085.jpg,9,18,27
9999973_00000_d_0000086.jpg,1,27,28
9999973_00000_d_0000087.jpg,0,34,34
9999973_00000_d_0000088.jpg,0,19,19
9999973_00000_d_0000089.jpg,0,18,18
9999973_00000_d_0000090.jpg,0,30,30
9999973_00000_d_0000091.jpg,2,29,31
9999973_00000_d_0000092.jpg,4,26,30
9999973_00000_d_0000093.jpg,2,10,12
9999973_00000_d_0000094.jpg,0,6,6
9999973_00000_d_0000095.jpg,1,38,39
9999973_00000_d_0000096.jpg,1,39,40
9999973_00000_d_0000097.jpg,0,39,39
9999973_00000_d_0000098.jpg,0,10,10
9999973_00000_d_0000099.jpg,0,26,26
9999973_00000_d_0000100.jpg,1,8,9
9999973_00000_d_0000101.jpg,0,13,13
9999973_00000_d_0000102.jpg,1,15,16
9999973_00000_d_0000103.jpg,0,20,20
9999973_00000_d_0000104.jpg,0,15,15
9999973_00000_d_0000105.jpg,1,11,12
9999973_00000_d_0000106.jpg,0,19,19
9999973_00000_d_0000107.jpg,0,16,16
9999973_00000_d_0000108.jpg,1,19,20
9999973_00000_d_0000109.jpg,1,36,37
9999973_00000_d_0000110.jpg,0,42,42
9999973_00000_d_0000111.jpg,2,40,42
9999973_00000_d_0000112.jpg,0,36,36
9999973_00000_d_0000113.jpg,2,42,44
9999973_00000_d_0000114.jpg,0,5,5
9999973_00000_d_0000115.jpg,0,10,10
9999973_00000_d_0000116.jpg,0,14,14
9999973_00000_d_0000117.jpg,0,9,9
9999973_00000_d_0000118.jpg,0,15,15
9999973_00000_d_0000119.jpg,1,11,12
9999973_00000_d_0000120.jpg,1,25,26
9999973_00000_d_0000121.jpg,0,21,21
9999973_00000_d_0000122.jpg,0,24,24
9999973_00000_d_0000123.jpg,1,37,38
9999973_00000_d_0000124.jpg,0,15,15
9999973_00000_d_0000125.jpg,0,22,22
9999973_00000_d_0000126.jpg,0,7,7
9999973_00000_d_0000127.jpg,0,10,10
9999973_00000_d_0000128.jpg,2,23,25
9999973_00000_d_0000129.jpg,0,33,33
9999973_00000_d_0000130.jpg,0,17,17
9999973_00000_d_0000131.jpg,0,37,37
9999973_00000_d_0000132.jpg,0,17,17
9999973_00000_d_0000133.jpg,0,21,21
9999973_00000_d_0000134.jpg,0,5,5
9999973_00000_d_0000135.jpg,0,21,21
9999973_00000_d_0000136.jpg,3,22,25
9999973_00000_d_0000137.jpg,0,19,19
9999973_00000_d_0000138.jpg,1,15,16
9999973_00000_d_0000139.jpg,1,27,28
9999973_00000_d_0000140.jpg,1,37,38
9999973_00000_d_0000141.jpg,0,24,24
9999973_00000_d_0000142.jpg,3,21,24
9999973_00000_d_0000143.jpg,0,23,23
9999973_00000_d_0000144.jpg,1,9,10
9999973_00000_d_0000145.jpg,0,6,6
9999973_00000_d_0000146.jpg,0,10,10
9999973_00000_d_0000147.jpg,1,14,15
9999973_00000_d_0000148.jpg,3,42,45
9999973_00000_d_0000149.jpg,0,14,14
9999973_00000_d_0000150.jpg,0,16,16
9999973_00000_d_0000151.jpg,0,8,8
9999976_00000_d_0000001.jpg,3,1,4
9999976_00000_d_0000002.jpg,1,0,1
9999976_00000_d_0000003.jpg,4,1,5
9999976_00000_d_0000004.jpg,0,19,19
9999976_00000_d_0000005.jpg,1,18,19
9999976_00000_d_0000006.jpg,0,11,11
9999976_00000_d_0000007.jpg,0,3,3
9999976_00000_d_0000008.jpg,4,6,10
9999976_00000_d_0000009.jpg,0,11,11
9999976_00000_d_0000010.jpg,1,13,14
9999976_00000_d_0000011.jpg,2,4,6
9999976_00000_d_0000012.jpg,5,3,8
9999976_00000_d_0000013.jpg,0,10,10
9999976_00000_d_0000014.jpg,0,11,11
9999976_00000_d_0000015.jpg,1,25,26
9999976_00000_d_0000016.jpg,2,41,43
9999976_00000_d_0000017.jpg,0,42,42
9999976_00000_d_0000018.jpg,3,1,4
9999976_00000_d_0000019.jpg,1,2,3
9999976_00000_d_0000020.jpg,2,12,14
9999976_00000_d_0000021.jpg,2,7,9
9999976_00000_d_0000022.jpg,2,16,18
9999976_00000_d_0000023.jpg,1,10,11
9999976_00000_d_0000024.jpg,2,7,9
9999976_00000_d_0000025.jpg,5,9,14
9999976_00000_d_0000026.jpg,2,8,10
9999976_00000_d_0000027.jpg,3,4,7
9999976_00000_d_0000028.jpg,0,2,2
9999976_00000_d_0000029.jpg,0,0,0
9999976_00000_d_0000030.jpg,4,0,4
9999976_00000_d_0000031.jpg,0,0,0
9999976_00000_d_0000032.jpg,1,0,1
9999976_00000_d_0000033.jpg,4,0,4
9999976_00000_d_0000034.jpg,3,0,3
9999979_00000_d_0000001.jpg,1,2,3
9999979_00000_d_0000002.jpg,6,14,20
9999979_00000_d_0000003.jpg,4,10,14
9999979_00000_d_0000004.jpg,5,6,11
9999979_00000_d_0000005.jpg,9,4,13
9999979_00000_d_0000006.jpg,5,18,23
9999979_00000_d_0000007.jpg,0,32,32
9999979_00000_d_0000008.jpg,4,40,44
9999979_00000_d_0000009.jpg,1,29,30
9999979_00000_d_0000010.jpg,5,14,19
9999979_00000_d_0000011.jpg,1,15,16
9999979_00000_d_0000012.jpg,1,8,9
9999979_00000_d_0000013.jpg,3,8,11
9999979_00000_d_0000014.jpg,4,18,22
9999979_00000_d_0000015.jpg,3,31,34
9999979_00000_d_0000016.jpg,29,30,59
9999979_00000_d_0000017.jpg,30,31,61
9999979_00000_d_0000018.jpg,14,38,52
9999979_00000_d_0000019.jpg,14,4,18
9999979_00000_d_0000020.jpg,0,32,32
9999979_00000_d_0000021.jpg,2,29,31
9999979_00000_d_0000022.jpg,2,73,75
9999979_00000_d_0000023.jpg,11,110,121
9999979_00000_d_0000024.jpg,3,38,41
9999979_00000_d_0000025.jpg,5,79,84
9999979_00000_d_0000026.jpg,11,117,128
9999979_00000_d_0000027.jpg,5,22,27
9999979_00000_d_0000028.jpg,0,31,31
9999979_00000_d_0000029.jpg,32,17,49
9999979_00000_d_0000030.jpg,19,8,27
9999979_00000_d_0000031.jpg,1,11,12
9999979_00000_d_0000032.jpg,6,9,15
9999979_00000_d_0000033.jpg,11,47,58
9999979_00000_d_0000034.jpg,6,69,75
9999979_00000_d_0000035.jpg,2,8,10
9999979_00000_d_0000036.jpg,9,13,22
9999979_00000_d_0000037.jpg,14,11,25
9999979_00000_d_0000038.jpg,2,6,8
9999979_00000_d_0000039.jpg,6,8,14
9999979_00000_d_0000040.jpg,7,37,44
9999979_00000_d_0000041.jpg,8,2,10
9999979_00000_d_0000042.jpg,6,78,84
9999979_00000_d_0000043.jpg,12,54,66
9999979_00000_d_0000044.jpg,4,86,90
9999979_00000_d_0000045.jpg,11,116,127
9999979_00000_d_0000046.jpg,1,24,25
9999979_00000_d_0000047.jpg,21,96,117
9999979_00000_d_0000048.jpg,3,21,24
9999979_00000_d_0000049.jpg,0,35,35
9999979_00000_d_0000050.jpg,0,33,33
9999979_00000_d_0000051.jpg,0,21,21
9999979_00000_d_0000052.jpg,1,29,30
9999979_00000_d_0000053.jpg,8,13,21
9999980_00000_d_0000001.jpg,2,29,31
9999980_00000_d_0000002.jpg,8,1,9
9999980_00000_d_0000003.jpg,17,0,17
9999980_00000_d_0000004.jpg,0,6,6
9999980_00000_d_0000005.jpg,2,17,19
9999986_00000_d_0000001.jpg,35,6,41
9999986_00000_d_0000002.jpg,19,7,26
9999986_00000_d_0000003.jpg,16,10,26
9999986_00000_d_0000004.jpg,17,5,22
9999986_00000_d_0000005.jpg,17,5,22
9999986_00000_d_0000006.jpg,29,7,36
9999986_00000_d_0000007.jpg,20,4,24
9999986_00000_d_0000008.jpg,23,2,25
9999986_00000_d_0000009.jpg,13,3,16
9999986_00000_d_0000010.jpg,20,5,25
9999986_00000_d_0000011.jpg,16,9,25
9999986_00000_d_0000012.jpg,21,2,23
9999986_00000_d_0000013.jpg,11,5,16
9999986_00000_d_0000014.jpg,6,14,20
9999986_00000_d_0000015.jpg,9,14,23
9999986_00000_d_0000016.jpg,8,16,24
9999986_00000_d_0000017.jpg,5,9,14
9999986_00000_d_0000018.jpg,6,12,18
9999986_00000_d_0000019.jpg,12,12,24
9999986_00000_d_0000020.jpg,9,7,16
9999986_00000_d_0000021.jpg,2,6,8
9999986_00000_d_0000022.jpg,2,5,7
9999986_00000_d_0000023.jpg,4,2,6
9999986_00000_d_0000024.jpg,8,1,9
9999986_00000_d_0000025.jpg,8,3,11
9999986_00000_d_0000026.jpg,10,4,14
9999986_00000_d_0000027.jpg,0,3,3
9999986_00000_d_0000028.jpg,0,6,6
9999986_00000_d_0000029.jpg,6,8,14
9999986_00000_d_0000030.jpg,7,12,19
9999986_00000_d_0000031.jpg,0,8,8
9999986_00000_d_0000032.jpg,12,4,16
9999986_00000_d_0000033.jpg,5,2,7
9999986_00000_d_0000034.jpg,7,1,8
9999986_00000_d_0000035.jpg,4,6,10
9999986_00000_d_0000036.jpg,7,9,16
9999986_00000_d_0000037.jpg,7,5,12
9999986_00000_d_0000038.jpg,8,5,13
9999986_00000_d_0000039.jpg,10,8,18
9999986_00000_d_0000040.jpg,1,4,5
9999986_00000_d_0000041.jpg,0,3,3
9999986_00000_d_0000042.jpg,9,5,14
9999986_00000_d_0000043.jpg,13,8,21
9999986_00000_d_0000044.jpg,12,7,19
9999986_00000_d_0000045.jpg,8,14,22
9999986_00000_d_0000046.jpg,9,10,19
9999986_00000_d_0000047.jpg,9,4,13
9999986_00000_d_0000048.jpg,9,5,14
9999986_00000_d_0000049.jpg,6,1,7
9999986_00000_d_0000050.jpg,3,0,3
9999986_00000_d_0000051.jpg,2,12,14
9999986_00000_d_0000052.jpg,4,3,7
9999986_00000_d_0000053.jpg,2,5,7
9999986_00000_d_0000054.jpg,7,12,19
9999986_00000_d_0000055.jpg,28,3,31
9999986_00000_d_0000056.jpg,35,2,37
9999986_00000_d_0000057.jpg,18,5,23
9999986_00000_d_0000058.jpg,28,2,30
9999993_00000_d_0000001.jpg,15,46,61
9999993_00000_d_0000002.jpg,7,14,21
9999993_00000_d_0000003.jpg,0,23,23
9999993_00000_d_0000004.jpg,3,18,21
9999993_00000_d_0000005.jpg,2,22,24
9999993_00000_d_0000006.jpg,6,29,35
9999993_00000_d_0000007.jpg,2,13,15
9999993_00000_d_0000008.jpg,1,26,27
9999993_00000_d_0000009.jpg,2,36,38
9999993_00000_d_0000010.jpg,0,30,30
9999993_00000_d_0000011.jpg,12,31,43
9999993_00000_d_0000012.jpg,5,29,34
9999993_00000_d_0000013.jpg,4,21,25
9999993_00000_d_0000014.jpg,29,39,68
9999993_00000_d_0000015.jpg,7,23,30
9999993_00000_d_0000016.jpg,8,48,56
9999993_00000_d_0000017.jpg,6,28,34
9999993_00000_d_0000018.jpg,4,20,24
9999993_00000_d_0000019.jpg,9,30,39
9999993_00000_d_0000020.jpg,6,21,27
9999993_00000_d_0000021.jpg,3,21,24
9999993_00000_d_0000022.jpg,10,41,51
9999993_00000_d_0000023.jpg,17,41,58
9999993_00000_d_0000024.jpg,21,42,63
9999996_00000_d_0000001.jpg,3,24,27
9999996_00000_d_0000002.jpg,0,33,33
9999996_00000_d_0000003.jpg,0,36,36
9999996_00000_d_0000004.jpg,1,39,40
9999996_00000_d_0000005.jpg,4,0,4
9999996_00000_d_0000006.jpg,3,0,3
9999996_00000_d_0000007.jpg,2,4,6
9999996_00000_d_0000008.jpg,2,1,3
9999996_00000_d_0000009.jpg,2,0,2
9999996_00000_d_0000010.jpg,0,25,25
9999996_00000_d_0000011.jpg,0,33,33
9999996_00000_d_0000012.jpg,1,5,6
9999996_00000_d_0000013.jpg,0,24,24
9999996_00000_d_0000014.jpg,11,30,41
9999996_00000_d_0000015.jpg,3,31,34
9999996_00000_d_0000016.jpg,1,24,25
9999996_00000_d_0000017.jpg,0,12,12
9999996_00000_d_0000018.jpg,4,16,20
9999996_00000_d_0000019.jpg,0,9,9
9999996_00000_d_0000020.jpg,1,17,18
9999996_00000_d_0000021.jpg,2,33,35
9999996_00000_d_0000022.jpg,2,10,12
9999996_00000_d_0000023.jpg,1,0,1
9999996_00000_d_0000024.jpg,2,29,31
9999996_00000_d_0000025.jpg,2,30,32
9999996_00000_d_0000026.jpg,3,0,3
9999996_00000_d_0000027.jpg,3,1,4
9999996_00000_d_0000028.jpg,1,7,8
9999996_00000_d_0000029.jpg,1,49,50
